transaction_id,customer_id,amount,merchant,transaction_date
1,17,937.8,Walmart,26-03-2026
2,9,4809.27,Uber,09-11-2025
3,74,3773.66,Zomato,28-12-2025
4,421,2021.57,Amazon,17-05-2025
5,154,854.13,Flipkart,03-05-2026
6,291,4181.52,Target,13-03-2026
7,347,4487.8,Walmart,11-06-2025
8,197,3790.27,Flipkart,13-03-2026
9,405,4942.97,Zomato,03-10-2025
10,41,2528.92,Walmart,23-01-2026
11,28,533.54,Flipkart,07-03-2026
12,430,426.29,Uber,15-12-2025
13,394,3088.63,Uber,03-03-2026
14,204,4846.16,Walmart,22-08-2025
15,16,3188.91,Target,13-05-2025
16,252,1179.29,Uber,28-05-2025
17,482,1908.36,Flipkart,02-11-2025
18,349,2950.08,Target,26-08-2025
19,44,3872.23,Walmart,08-03-2026
20,409,1269.93,Amazon,10-03-2026
21,43,1376.46,Target,29-04-2026
22,365,3930.26,Flipkart,20-01-2026
23,379,1978.63,Walmart,27-12-2025
24,55,503.03,Walmart,01-06-2025
25,228,1831.59,Walmart,28-02-2026
26,53,705.91,Flipkart,27-11-2025
27,221,2271.78,Uber,20-09-2025
28,263,2069.82,Amazon,13-12-2025
29,46,1801.88,Amazon,03-05-2026
30,306,3010.32,Walmart,07-01-2026
31,443,1956.93,Walmart,02-02-2026
32,212,1969.61,Amazon,07-05-2025
33,372,4510.62,Flipkart,30-07-2025
34,293,2629.47,Zomato,12-10-2025
35,195,889.03,Walmart,10-03-2026
36,155,1378.61,Flipkart,16-11-2025
37,33,877.68,Walmart,22-05-2025
38,216,1533.77,Amazon,20-12-2025
39,185,1295.91,Flipkart,08-03-2026
40,370,3143.92,Uber,27-11-2025
41,316,1017.96,Amazon,30-03-2026
42,70,1558.06,Target,13-01-2026
43,171,4215.99,Target,18-03-2026
44,412,4317.88,Target,11-12-2025
45,172,2181.55,Zomato,02-11-2025
46,499,2992.24,Walmart,21-11-2025
47,165,3035.9,Zomato,06-09-2025
48,103,2421.1,Flipkart,15-12-2025
49,494,2021.29,Walmart,21-02-2026
50,150,3687.63,Zomato,10-02-2026
51,252,4840.43,Flipkart,04-02-2026
52,167,1911.47,Target,13-07-2025
53,187,613.74,Uber,15-05-2025
54,103,2981.52,Uber,08-09-2025
55,93,3424.48,Uber,21-07-2025
56,14,4767.37,Target,28-04-2026
57,483,3556.42,Target,07-11-2025
58,409,1492.09,Zomato,13-11-2025
59,36,4103.88,Target,30-04-2026
60,345,2521.55,Zomato,02-11-2025
61,156,1248,Zomato,25-08-2025
62,79,3590.42,Target,17-01-2026
63,38,2272.88,Uber,02-11-2025
64,246,2932.11,Uber,15-03-2026
65,260,4621.3,Zomato,20-01-2026
66,215,2741.04,Walmart,16-07-2025
67,360,4482.73,Uber,14-01-2026
68,305,3208.99,Amazon,06-10-2025
69,56,3856.32,Zomato,25-01-2026
70,341,1807.29,Zomato,29-09-2025
71,314,269.27,Zomato,27-02-2026
72,347,3251.38,Walmart,21-10-2025
73,495,3991.34,Amazon,09-08-2025
74,6,538.1,Flipkart,18-07-2025
75,262,3746.92,Uber,01-07-2025
76,298,3453.94,Flipkart,25-07-2025
77,229,1901.89,Target,25-04-2026
78,396,3413.8,Zomato,27-01-2026
79,257,796.19,Amazon,24-03-2026
80,248,567.52,Target,10-07-2025
81,472,4810.55,Amazon,12-09-2025
82,426,4706.35,Flipkart,17-06-2025
83,179,1593.86,Target,15-04-2026
84,402,1073.99,Target,02-08-2025
85,179,2407,Target,07-05-2025
86,370,3498.98,Walmart,05-09-2025
87,35,1536.31,Zomato,20-08-2025
88,59,161.8,Walmart,17-10-2025
89,332,591.35,Flipkart,21-09-2025
90,477,4920.31,Flipkart,04-06-2025
91,265,913.54,Flipkart,07-06-2025
92,170,2821.25,Target,27-11-2025
93,119,3998.89,Zomato,28-06-2025
94,95,972.62,Zomato,15-01-2026
95,222,2008.13,Zomato,03-12-2025
96,315,4421.33,Target,02-01-2026
97,304,2176.29,Amazon,29-06-2025
98,361,1113.24,Walmart,20-05-2025
99,386,3533.61,Amazon,07-06-2025
100,296,553.67,Uber,01-06-2025
101,96,1860.68,Flipkart,07-09-2025
102,235,614.08,Zomato,28-10-2025
103,442,2472.95,Zomato,22-05-2025
104,161,3005.01,Uber,11-11-2025
105,201,2955.67,Walmart,10-10-2025
106,181,4235.31,Uber,05-06-2025
107,89,4078,Zomato,03-02-2026
108,410,1522.35,Uber,13-02-2026
109,303,469.52,Flipkart,14-03-2026
110,161,633.42,Walmart,12-04-2026
111,60,956.07,Zomato,15-01-2026
112,73,2578.58,Target,04-09-2025
113,306,732.44,Target,19-06-2025
114,217,969.48,Zomato,08-09-2025
115,276,3482.49,Zomato,25-06-2025
116,477,4999.5,Uber,03-09-2025
117,86,2473.73,Flipkart,26-09-2025
118,96,1607.17,Target,15-05-2025
119,318,315.38,Walmart,08-06-2025
120,488,97.44,Flipkart,15-05-2025
121,100,4085.32,Uber,03-02-2026
122,259,3282.7,Target,06-09-2025
123,351,2484.04,Zomato,25-02-2026
124,431,2247.07,Flipkart,24-07-2025
125,43,2848.72,Flipkart,31-03-2026
126,150,211.84,Flipkart,17-10-2025
127,276,1478.92,Target,27-02-2026
128,290,3725.47,Target,28-02-2026
129,282,2578.49,Uber,28-04-2026
130,59,1376.05,Uber,04-08-2025
131,422,4954.92,Uber,20-03-2026
132,422,3796.09,Zomato,27-06-2025
133,226,2754.45,Target,24-02-2026
134,53,3693.14,Zomato,20-04-2026
135,385,1275.28,Amazon,24-06-2025
136,231,1350.94,Amazon,26-07-2025
137,225,4333.19,Amazon,26-07-2025
138,398,4068.85,Flipkart,04-01-2026
139,416,3701.18,Zomato,14-04-2026
140,180,4312.19,Uber,29-05-2025
141,324,2169.43,Uber,02-03-2026
142,72,3935,Flipkart,15-07-2025
143,413,343.82,Walmart,29-11-2025
144,273,1441.37,Uber,12-10-2025
145,87,1652.09,Zomato,01-08-2025
146,150,1482.2,Walmart,24-11-2025
147,488,4297.18,Zomato,05-11-2025
148,418,521.36,Target,09-06-2025
149,471,343.47,Walmart,30-08-2025
150,444,3296.69,Zomato,27-01-2026
151,444,706.82,Flipkart,30-03-2026
152,365,1644.38,Flipkart,03-11-2025
153,390,4225.6,Target,06-06-2025
154,251,753.75,Zomato,10-10-2025
155,138,3157.67,Target,29-01-2026
156,232,423.81,Amazon,04-11-2025
157,207,2602.29,Walmart,07-04-2026
158,356,4684.86,Walmart,27-02-2026
159,233,4753.76,Walmart,02-09-2025
160,298,62.24,Zomato,26-10-2025
161,48,3668.11,Target,11-08-2025
162,326,3337.51,Walmart,04-03-2026
163,436,363.49,Uber,02-09-2025
164,204,1128.26,Target,04-03-2026
165,423,1098.66,Walmart,15-04-2026
166,166,4150.3,Walmart,02-11-2025
167,281,2910.77,Uber,05-01-2026
168,437,2452.42,Walmart,07-03-2026
169,458,3428.63,Amazon,09-01-2026
170,24,542.89,Target,30-06-2025
171,9,664.97,Flipkart,07-04-2026
172,226,2309.76,Target,10-05-2025
173,104,4978.69,Flipkart,09-04-2026
174,452,3267.49,Flipkart,13-03-2026
175,448,4666.99,Walmart,11-04-2026
176,48,3290.21,Walmart,07-01-2026
177,43,1890.63,Zomato,05-11-2025
178,85,306.35,Zomato,02-11-2025
179,157,3643.64,Flipkart,06-11-2025
180,220,3294.65,Zomato,01-10-2025
181,49,55.38,Target,12-08-2025
182,40,706.86,Flipkart,14-09-2025
183,266,3415.91,Amazon,16-04-2026
184,5,3493.21,Amazon,14-04-2026
185,441,2140.45,Flipkart,29-08-2025
186,245,400.6,Target,28-09-2025
187,46,3667.28,Amazon,08-06-2025
188,53,1601.09,Walmart,18-10-2025
189,71,1944.47,Flipkart,23-04-2026
190,329,4965.05,Flipkart,04-09-2025
191,36,2676.02,Amazon,16-07-2025
192,313,3267.6,Target,13-10-2025
193,180,3626.04,Zomato,07-10-2025
194,384,799.3,Target,06-12-2025
195,316,3448.5,Flipkart,05-08-2025
196,45,4488.14,Flipkart,13-11-2025
197,386,659.63,Zomato,02-08-2025
198,197,1790.1,Target,03-12-2025
199,162,3965.83,Flipkart,25-10-2025
200,142,3240.87,Flipkart,22-04-2026
201,284,3024.95,Zomato,24-01-2026
202,312,1460.36,Zomato,25-07-2025
203,14,4247.07,Zomato,06-08-2025
204,449,1543.16,Uber,26-05-2025
205,311,2572.14,Zomato,24-12-2025
206,201,1512.93,Amazon,12-02-2026
207,402,4494.67,Flipkart,09-09-2025
208,254,1960.13,Flipkart,08-03-2026
209,256,3208.51,Amazon,12-12-2025
210,271,4449.19,Amazon,31-12-2025
211,185,4672.93,Flipkart,15-01-2026
212,199,4311.03,Uber,07-11-2025
213,216,1858.79,Zomato,04-09-2025
214,89,3825.49,Amazon,02-10-2025
215,9,2957.45,Amazon,22-07-2025
216,135,1117.93,Amazon,15-01-2026
217,486,3956.99,Uber,18-09-2025
218,147,3161.42,Uber,18-09-2025
219,393,2106.39,Zomato,13-09-2025
220,206,458.02,Uber,06-04-2026
221,276,3099.43,Walmart,06-05-2026
222,43,1584.04,Uber,04-04-2026
223,472,1055.83,Flipkart,20-07-2025
224,275,1667.41,Uber,13-05-2025
225,325,3827.96,Zomato,26-04-2026
226,349,3233.62,Walmart,25-11-2025
227,358,2215.56,Flipkart,16-11-2025
228,30,1260.17,Target,01-03-2026
229,60,2294.19,Uber,06-02-2026
230,29,1580.99,Zomato,02-11-2025
231,337,3716.26,Amazon,20-05-2025
232,7,3554.11,Zomato,13-06-2025
233,6,860.97,Walmart,20-11-2025
234,268,2610.25,Zomato,07-04-2026
235,133,876.47,Flipkart,24-11-2025
236,384,3916.56,Walmart,16-02-2026
237,376,4437.75,Amazon,15-08-2025
238,172,4045.18,Walmart,01-02-2026
239,269,366.17,Zomato,24-09-2025
240,500,2904.43,Amazon,10-03-2026
241,255,2303.23,Walmart,11-10-2025
242,29,2523.07,Uber,31-05-2025
243,86,1870.05,Walmart,25-03-2026
244,396,559.38,Uber,04-10-2025
245,346,3627.75,Flipkart,04-11-2025
246,380,2568.68,Amazon,06-11-2025
247,440,4321.5,Flipkart,24-04-2026
248,24,2385.23,Target,16-05-2025
249,472,792.92,Amazon,03-10-2025
250,284,4025.42,Zomato,15-05-2025
251,380,3295.73,Flipkart,05-04-2026
252,165,1278.9,Zomato,11-07-2025
253,164,1392.73,Amazon,13-07-2025
254,293,1895.4,Uber,05-01-2026
255,345,4514.61,Flipkart,05-09-2025
256,115,4031.47,Amazon,23-07-2025
257,489,2034.58,Target,28-10-2025
258,444,1447.42,Walmart,30-01-2026
259,168,477.61,Target,02-03-2026
260,5,1876.15,Walmart,25-11-2025
261,289,3933.31,Zomato,14-03-2026
262,319,1250.79,Walmart,08-03-2026
263,303,4860.7,Flipkart,03-01-2026
264,376,4507.19,Flipkart,23-02-2026
265,78,81.57,Target,24-04-2026
266,13,1203.34,Walmart,24-09-2025
267,326,4205.89,Amazon,20-03-2026
268,487,1708.34,Zomato,28-09-2025
269,193,4252.58,Zomato,21-04-2026
270,158,564.55,Uber,09-05-2025
271,122,2128.09,Amazon,19-07-2025
272,498,4984.95,Zomato,10-04-2026
273,144,510.48,Flipkart,10-07-2025
274,460,4235.25,Target,03-08-2025
275,359,4483.11,Target,09-08-2025
276,499,3752.1,Uber,21-06-2025
277,49,2551.87,Zomato,29-03-2026
278,420,2002.04,Uber,24-06-2025
279,291,358.3,Zomato,08-06-2025
280,494,697.01,Walmart,23-05-2025
281,134,4262.02,Target,01-04-2026
282,359,4167.9,Walmart,16-07-2025
283,163,2291.15,Flipkart,26-08-2025
284,39,4720.6,Flipkart,27-05-2025
285,400,3862.23,Amazon,11-07-2025
286,80,573.01,Target,18-09-2025
287,239,1604.46,Amazon,07-07-2025
288,275,1823.52,Flipkart,20-02-2026
289,232,1576.12,Walmart,25-11-2025
290,437,643.57,Flipkart,17-05-2025
291,414,3445.97,Zomato,11-08-2025
292,357,3036.35,Flipkart,09-09-2025
293,428,4290.04,Flipkart,12-01-2026
294,47,3570.23,Walmart,14-07-2025
295,203,2591.63,Zomato,01-10-2025
296,154,1337.83,Flipkart,13-07-2025
297,16,4762.88,Target,29-10-2025
298,285,3752.99,Flipkart,20-03-2026
299,49,2337.11,Flipkart,25-05-2025
300,63,109.19,Flipkart,21-06-2025
301,67,1030.76,Target,09-12-2025
302,191,3447.11,Zomato,04-12-2025
303,44,2932.5,Walmart,27-12-2025
304,470,4073.1,Amazon,21-10-2025
305,34,1028.86,Zomato,14-03-2026
306,228,4056.03,Amazon,25-09-2025
307,464,4244.01,Walmart,25-11-2025
308,63,261.35,Target,18-04-2026
309,26,881.55,Uber,10-07-2025
310,222,4117.34,Target,06-05-2026
311,255,195.94,Zomato,16-09-2025
312,219,905.4,Flipkart,27-07-2025
313,466,976.4,Walmart,18-12-2025
314,229,4422.95,Amazon,09-10-2025
315,315,3114.92,Flipkart,15-12-2025
316,332,1510.77,Target,17-10-2025
317,452,2775.91,Amazon,16-12-2025
318,45,1434.89,Flipkart,30-05-2025
319,215,1037.32,Uber,05-04-2026
320,128,3172.23,Uber,02-10-2025
321,407,146.67,Target,13-08-2025
322,401,3581.18,Target,30-11-2025
323,279,3918.1,Walmart,03-07-2025
324,468,2849.97,Walmart,09-03-2026
325,199,1388.66,Amazon,25-02-2026
326,164,3005.73,Amazon,21-07-2025
327,459,4062.91,Walmart,14-01-2026
328,30,4052.84,Target,11-01-2026
329,272,1819.29,Uber,15-11-2025
330,120,4871.2,Amazon,04-04-2026
331,127,3301.48,Walmart,02-11-2025
332,274,4090.61,Zomato,08-05-2025
333,29,3832.05,Flipkart,15-07-2025
334,295,4240.2,Target,13-08-2025
335,182,4679.27,Flipkart,11-12-2025
336,91,1220.93,Walmart,03-08-2025
337,413,3703.62,Walmart,09-11-2025
338,468,2978.23,Zomato,30-12-2025
339,359,1790.83,Uber,24-07-2025
340,289,753.41,Flipkart,14-07-2025
341,429,4940.63,Target,14-05-2025
342,278,1579.81,Target,19-10-2025
343,20,496.77,Flipkart,30-09-2025
344,309,1133.1,Uber,10-06-2025
345,245,53.38,Uber,08-03-2026
346,104,4041.9,Walmart,03-02-2026
347,368,928.43,Walmart,15-10-2025
348,31,158.47,Uber,13-11-2025
349,361,4590.26,Amazon,18-11-2025
350,434,2655.16,Walmart,02-06-2025
351,492,409.03,Zomato,15-07-2025
352,483,3327.59,Uber,23-02-2026
353,52,1715.98,Walmart,17-04-2026
354,70,4880.51,Zomato,15-10-2025
355,486,2212.5,Zomato,28-05-2025
356,492,2461.64,Walmart,12-01-2026
357,90,3550.56,Uber,07-08-2025
358,356,4453.52,Uber,21-06-2025
359,403,1816.29,Zomato,15-04-2026
360,302,4081.55,Target,08-02-2026
361,158,3683.28,Walmart,09-12-2025
362,66,929.66,Amazon,13-12-2025
363,486,3524.94,Uber,07-06-2025
364,201,4261.25,Uber,14-04-2026
365,17,951.3,Walmart,07-05-2026
366,472,4053.59,Uber,12-07-2025
367,114,3216.25,Amazon,21-10-2025
368,480,2506.12,Walmart,29-11-2025
369,382,435.14,Walmart,27-12-2025
370,164,881.04,Amazon,17-09-2025
371,421,3559.38,Zomato,28-11-2025
372,374,4438.93,Target,05-06-2025
373,6,1362.8,Flipkart,14-04-2026
374,355,385.58,Walmart,01-01-2026
375,403,584.77,Amazon,17-07-2025
376,25,1960.39,Zomato,07-07-2025
377,215,4847.05,Target,06-11-2025
378,253,4414.76,Walmart,14-01-2026
379,280,1907.97,Target,06-02-2026
380,404,4327.05,Zomato,27-11-2025
381,389,3451.44,Flipkart,13-10-2025
382,232,414.86,Amazon,24-02-2026
383,151,149.39,Walmart,25-04-2026
384,488,568.39,Walmart,13-05-2025
385,88,4445.26,Flipkart,13-01-2026
386,375,421.26,Amazon,09-01-2026
387,174,2990.45,Uber,07-12-2025
388,458,2439.55,Amazon,10-12-2025
389,221,4715.09,Flipkart,14-03-2026
390,311,4454.28,Flipkart,17-02-2026
391,28,551.23,Flipkart,29-04-2026
392,499,990.42,Zomato,16-07-2025
393,284,3624.09,Zomato,09-11-2025
394,277,1363.06,Walmart,24-02-2026
395,153,1225.86,Amazon,21-12-2025
396,202,2880.26,Target,01-08-2025
397,79,319.8,Amazon,20-08-2025
398,219,483.76,Zomato,29-07-2025
399,321,3021.07,Flipkart,30-09-2025
400,50,177.39,Flipkart,02-06-2025
401,327,1494.47,Amazon,09-05-2025
402,243,4226.66,Walmart,16-10-2025
403,402,2017.46,Target,23-05-2025
404,459,3322.15,Amazon,26-03-2026
405,329,2743.42,Flipkart,31-03-2026
406,190,4433.19,Walmart,25-04-2026
407,96,2256.59,Walmart,12-11-2025
408,226,2352.04,Flipkart,29-11-2025
409,429,1379.38,Amazon,22-04-2026
410,78,3773.56,Zomato,28-12-2025
411,50,474.25,Walmart,12-06-2025
412,414,2730.17,Uber,29-03-2026
413,117,2790.33,Target,13-01-2026
414,420,2636.78,Uber,02-01-2026
415,352,4341.13,Target,08-05-2025
416,294,4414.19,Target,13-09-2025
417,154,440.83,Zomato,21-11-2025
418,18,2535.4,Uber,30-05-2025
419,410,2878.85,Uber,17-10-2025
420,76,645.4,Target,07-12-2025
421,89,4747.85,Flipkart,27-04-2026
422,498,1098.86,Flipkart,04-09-2025
423,65,261.25,Amazon,14-02-2026
424,350,2205.2,Zomato,05-04-2026
425,76,4178.84,Walmart,22-04-2026
426,164,4558.48,Amazon,20-07-2025
427,45,1971.09,Target,19-09-2025
428,283,1664.33,Walmart,25-11-2025
429,267,2317.88,Amazon,22-09-2025
430,403,3517.04,Uber,02-06-2025
431,268,3919.34,Amazon,23-08-2025
432,213,790.73,Uber,05-09-2025
433,302,2934.25,Amazon,07-05-2026
434,474,572.89,Amazon,07-07-2025
435,403,1466.16,Uber,25-10-2025
436,451,1752.15,Target,05-08-2025
437,136,1946.07,Target,28-04-2026
438,293,3064.36,Amazon,25-05-2025
439,89,1413.3,Flipkart,05-02-2026
440,317,3062.84,Zomato,27-10-2025
441,206,241.97,Walmart,05-01-2026
442,354,1226.02,Zomato,26-03-2026
443,244,4608.13,Walmart,17-08-2025
444,11,1722.44,Walmart,03-07-2025
445,160,1437.72,Target,10-10-2025
446,440,3496.11,Amazon,08-01-2026
447,498,4351.06,Flipkart,14-08-2025
448,154,4872.39,Target,16-05-2025
449,397,4137.83,Walmart,15-07-2025
450,374,2113.03,Zomato,22-11-2025
451,46,980.28,Flipkart,29-06-2025
452,468,4128.65,Zomato,14-09-2025
453,249,3809.49,Walmart,20-05-2025
454,421,328.22,Flipkart,19-07-2025
455,34,1590.06,Uber,01-05-2026
456,207,721.47,Uber,07-03-2026
457,451,2864.93,Flipkart,15-12-2025
458,99,4382.14,Flipkart,08-11-2025
459,429,335.26,Amazon,21-07-2025
460,234,300.27,Walmart,26-06-2025
461,361,1035.59,Walmart,11-04-2026
462,422,2347.88,Target,05-11-2025
463,326,4619.21,Zomato,18-01-2026
464,16,1247.59,Target,15-05-2025
465,305,2258.21,Target,20-05-2025
466,301,2779.1,Walmart,16-09-2025
467,84,4196.39,Walmart,13-03-2026
468,384,4162.81,Amazon,28-02-2026
469,146,185.88,Amazon,23-03-2026
470,84,4276.42,Flipkart,07-01-2026
471,439,1145.69,Flipkart,26-02-2026
472,347,1073.32,Zomato,02-03-2026
473,210,2590.74,Zomato,10-06-2025
474,5,2396.78,Flipkart,21-10-2025
475,332,907.34,Amazon,07-09-2025
476,115,1299.33,Walmart,20-02-2026
477,365,4836.77,Zomato,11-08-2025
478,141,2147.84,Target,06-12-2025
479,437,1776.11,Walmart,11-09-2025
480,112,2360.16,Zomato,11-06-2025
481,267,4130.34,Target,08-06-2025
482,300,556.44,Uber,31-12-2025
483,340,4834.1,Walmart,31-10-2025
484,288,3254.34,Uber,19-08-2025
485,145,1527.46,Amazon,14-05-2025
486,247,365.99,Walmart,17-11-2025
487,328,1659.43,Walmart,26-08-2025
488,134,3297.79,Zomato,06-07-2025
489,153,982.38,Uber,20-08-2025
490,392,1239.5,Amazon,17-04-2026
491,413,4293.71,Uber,07-10-2025
492,207,3319.63,Zomato,21-11-2025
493,72,3620.35,Zomato,30-05-2025
494,255,4987.47,Walmart,03-06-2025
495,465,2121.9,Target,09-01-2026
496,378,224.83,Zomato,27-06-2025
497,293,4089.27,Walmart,08-11-2025
498,372,3581.18,Zomato,29-12-2025
499,274,3209.65,Target,18-04-2026
500,465,4706.31,Walmart,28-01-2026
501,260,1535.96,Flipkart,15-03-2026
502,431,3305.19,Uber,09-07-2025
503,93,1504.23,Target,22-05-2025
504,66,3717.55,Zomato,17-07-2025
505,414,2817.21,Flipkart,11-05-2025
506,485,3414.58,Walmart,14-06-2025
507,336,492.03,Walmart,29-01-2026
508,115,3733.84,Walmart,23-11-2025
509,216,3951.05,Walmart,16-02-2026
510,191,1339.77,Walmart,01-01-2026
511,238,4263.51,Target,16-10-2025
512,28,4338.65,Uber,25-05-2025
513,298,4724.29,Amazon,26-03-2026
514,242,4452.66,Uber,19-04-2026
515,62,4344.11,Target,21-10-2025
516,272,1526.86,Amazon,09-10-2025
517,446,4278.49,Flipkart,26-06-2025
518,103,1746.22,Uber,23-05-2025
519,458,4537.77,Target,05-09-2025
520,74,1616.1,Zomato,16-04-2026
521,93,3905.76,Target,16-03-2026
522,171,3173.61,Flipkart,25-10-2025
523,161,3190.77,Amazon,16-02-2026
524,232,1403.96,Flipkart,04-09-2025
525,296,3834.19,Target,11-09-2025
526,403,3829.67,Amazon,06-09-2025
527,67,3091.67,Zomato,17-08-2025
528,220,2046.8,Target,29-05-2025
529,197,73.11,Uber,07-06-2025
530,103,3666.76,Amazon,23-12-2025
531,457,1644.96,Uber,16-07-2025
532,98,138.68,Amazon,10-10-2025
533,321,3681.34,Flipkart,19-03-2026
534,356,4391.08,Walmart,11-10-2025
535,67,558.41,Uber,16-09-2025
536,302,1565.27,Amazon,05-03-2026
537,422,276.31,Walmart,07-01-2026
538,234,3652.77,Uber,25-07-2025
539,269,1722.28,Zomato,13-05-2025
540,69,1746.53,Target,15-04-2026
541,184,3763.07,Flipkart,18-11-2025
542,486,4539.13,Target,17-02-2026
543,10,1180.67,Zomato,11-03-2026
544,68,1095.39,Amazon,22-06-2025
545,302,2547.94,Amazon,13-11-2025
546,188,3569.99,Amazon,24-04-2026
547,193,4388.89,Walmart,07-12-2025
548,395,2696.93,Amazon,01-10-2025
549,305,4973.67,Zomato,31-08-2025
550,56,3285.16,Amazon,20-01-2026
551,25,3464.26,Target,09-12-2025
552,228,1932.26,Uber,14-09-2025
553,130,2398.26,Flipkart,21-03-2026
554,106,3491.2,Zomato,31-12-2025
555,5,1540.53,Zomato,28-06-2025
556,52,3329.29,Walmart,27-03-2026
557,319,3047.89,Flipkart,06-08-2025
558,215,4161.73,Amazon,24-03-2026
559,262,3607.89,Amazon,09-02-2026
560,145,614.36,Amazon,20-08-2025
561,255,1033.3,Flipkart,22-09-2025
562,399,1351.82,Uber,14-02-2026
563,499,1048.28,Zomato,03-09-2025
564,210,1511.99,Amazon,13-10-2025
565,281,2506.96,Flipkart,07-07-2025
566,353,4668.97,Walmart,05-02-2026
567,121,63.55,Zomato,11-09-2025
568,46,4539.06,Uber,13-07-2025
569,343,2495.81,Amazon,12-11-2025
570,400,2582.94,Zomato,10-10-2025
571,371,551.39,Walmart,08-11-2025
572,330,1194.24,Walmart,02-12-2025
573,136,2348.17,Amazon,23-07-2025
574,417,914.77,Amazon,30-12-2025
575,437,1488.31,Zomato,08-01-2026
576,161,2158.68,Amazon,02-03-2026
577,49,4263.67,Amazon,04-10-2025
578,5,4267.39,Zomato,05-06-2025
579,332,894.04,Walmart,09-05-2025
580,458,2216.69,Uber,13-02-2026
581,138,4398.45,Amazon,02-06-2025
582,191,4084.07,Flipkart,14-12-2025
583,59,2033.85,Target,07-09-2025
584,140,4186.76,Zomato,18-09-2025
585,436,2417.31,Target,17-07-2025
586,333,4436.31,Flipkart,22-11-2025
587,58,705.93,Zomato,11-03-2026
588,31,4908.77,Flipkart,01-01-2026
589,54,2109.34,Uber,23-12-2025
590,248,4021.21,Zomato,13-12-2025
591,225,947.24,Target,19-02-2026
592,399,1825.06,Amazon,05-01-2026
593,442,3438.1,Zomato,11-05-2025
594,499,4464.23,Target,12-08-2025
595,472,2466.21,Target,07-12-2025
596,226,277.56,Walmart,01-08-2025
597,336,1605.48,Zomato,25-09-2025
598,445,3405.75,Zomato,12-05-2025
599,296,3632.68,Flipkart,05-10-2025
600,490,3365.73,Walmart,10-12-2025
601,266,2639.36,Zomato,14-02-2026
602,317,521.45,Zomato,02-06-2025
603,373,1280.46,Walmart,15-05-2025
604,340,3397.66,Target,02-08-2025
605,77,4203.21,Uber,01-02-2026
606,457,4939.57,Amazon,11-04-2026
607,6,3234.82,Flipkart,04-02-2026
608,259,4251.79,Target,02-04-2026
609,446,868.75,Target,04-04-2026
610,165,1242.41,Walmart,12-09-2025
611,26,2559.3,Uber,24-02-2026
612,330,1924.26,Flipkart,21-06-2025
613,41,2322.52,Uber,21-03-2026
614,230,485.7,Target,17-12-2025
615,229,1614.5,Target,29-06-2025
616,382,3284.2,Amazon,16-02-2026
617,207,2091.08,Uber,30-12-2025
618,282,50.84,Amazon,04-06-2025
619,406,3040.81,Uber,14-12-2025
620,327,1557.76,Uber,11-11-2025
621,288,1073.91,Zomato,17-03-2026
622,234,4754.26,Walmart,25-11-2025
623,423,318.66,Flipkart,23-12-2025
624,433,2299.58,Uber,18-02-2026
625,393,3117.8,Target,22-05-2025
626,367,3302.98,Zomato,25-07-2025
627,232,614.42,Zomato,25-12-2025
628,114,60.87,Walmart,11-07-2025
629,425,3186.62,Walmart,15-10-2025
630,281,2633.83,Zomato,01-09-2025
631,55,276.6,Flipkart,30-12-2025
632,253,745.22,Zomato,14-08-2025
633,381,3621.72,Amazon,23-10-2025
634,131,3073.72,Flipkart,23-11-2025
635,62,4654.57,Target,03-01-2026
636,111,2312.38,Flipkart,13-06-2025
637,367,1722.77,Target,02-03-2026
638,24,4636.8,Zomato,07-03-2026
639,302,659.93,Target,18-09-2025
640,235,3309.36,Uber,21-06-2025
641,69,4821.08,Amazon,22-06-2025
642,272,3694.26,Uber,22-11-2025
643,479,2192.41,Uber,23-06-2025
644,248,4625.64,Flipkart,26-05-2025
645,355,2913.84,Zomato,03-09-2025
646,418,685.49,Target,26-09-2025
647,337,3022.7,Walmart,11-03-2026
648,259,4412.88,Target,17-03-2026
649,312,4583.76,Flipkart,19-03-2026
650,141,2019.46,Walmart,03-11-2025
651,497,1506.16,Flipkart,02-01-2026
652,71,2093.09,Zomato,10-08-2025
653,454,3754.71,Walmart,02-08-2025
654,432,3522.4,Walmart,21-06-2025
655,365,3697.25,Uber,17-03-2026
656,324,1125.85,Flipkart,21-05-2025
657,320,3586.2,Zomato,11-09-2025
658,177,4609.9,Flipkart,02-11-2025
659,364,3267.93,Flipkart,04-02-2026
660,258,2735.33,Zomato,23-03-2026
661,166,3566.25,Walmart,21-05-2025
662,288,2427.83,Uber,25-05-2025
663,483,3352.43,Target,21-12-2025
664,346,3751.95,Uber,05-12-2025
665,147,4393.51,Target,25-08-2025
666,414,113.21,Amazon,28-10-2025
667,13,1935.31,Amazon,15-09-2025
668,344,330.19,Walmart,18-07-2025
669,385,3938.38,Walmart,08-08-2025
670,350,1290.28,Amazon,19-08-2025
671,354,3932.57,Flipkart,01-03-2026
672,386,2728.8,Walmart,17-09-2025
673,417,2290.34,Uber,05-05-2026
674,445,3393.85,Uber,09-07-2025
675,443,1160.32,Zomato,22-03-2026
676,288,1974.99,Uber,19-02-2026
677,402,3994.33,Zomato,27-10-2025
678,148,3480.03,Amazon,24-10-2025
679,475,1938.83,Target,15-10-2025
680,490,3951.15,Zomato,30-11-2025
681,161,4830.87,Amazon,07-11-2025
682,7,3731.17,Flipkart,28-01-2026
683,318,4350.81,Target,02-02-2026
684,425,1166.47,Zomato,27-07-2025
685,361,3562.25,Walmart,27-03-2026
686,387,2962.51,Zomato,31-01-2026
687,309,1022.52,Zomato,05-03-2026
688,494,1007.81,Target,29-07-2025
689,91,4918.09,Amazon,26-08-2025
690,96,4814.25,Zomato,12-07-2025
691,264,640.8,Amazon,11-07-2025
692,220,1431.61,Walmart,10-08-2025
693,67,846.6,Walmart,10-08-2025
694,3,1686.29,Zomato,24-03-2026
695,480,816.29,Flipkart,19-08-2025
696,476,1647.02,Amazon,30-11-2025
697,397,4665.29,Uber,22-08-2025
698,432,3326.36,Target,29-06-2025
699,405,2884.75,Walmart,19-04-2026
700,38,3930.96,Walmart,02-05-2026
701,270,1138.81,Flipkart,27-12-2025
702,267,387.47,Uber,23-08-2025
703,82,2108.86,Uber,18-03-2026
704,207,505.13,Flipkart,19-04-2026
705,453,1106.1,Walmart,05-11-2025
706,170,1835.95,Flipkart,21-06-2025
707,487,3775.65,Uber,16-05-2025
708,244,4983.32,Zomato,27-05-2025
709,5,617.87,Walmart,22-06-2025
710,229,1239.72,Zomato,22-04-2026
711,315,4597.11,Flipkart,08-07-2025
712,491,247.39,Walmart,17-01-2026
713,196,4583.87,Amazon,01-03-2026
714,198,1320.12,Zomato,20-02-2026
715,145,172.29,Uber,10-01-2026
716,421,3863.95,Uber,10-02-2026
717,412,2568.24,Target,14-08-2025
718,23,1517.35,Zomato,22-02-2026
719,99,1635.55,Amazon,27-04-2026
720,486,524.98,Uber,10-07-2025
721,274,86.29,Amazon,28-11-2025
722,108,3368.16,Flipkart,18-10-2025
723,443,3442.76,Amazon,02-02-2026
724,106,2711.88,Zomato,25-01-2026
725,450,4882.31,Target,07-10-2025
726,332,4092.93,Amazon,27-03-2026
727,383,3445.92,Amazon,18-05-2025
728,236,3598.5,Amazon,03-07-2025
729,45,412.58,Flipkart,23-09-2025
730,407,1296.94,Amazon,15-07-2025
731,295,4117.02,Walmart,02-09-2025
732,209,1970.76,Zomato,09-03-2026
733,208,2193.47,Amazon,22-01-2026
734,200,3382.83,Uber,30-04-2026
735,4,3225.04,Uber,27-10-2025
736,33,3792,Uber,08-10-2025
737,24,3519.37,Amazon,23-03-2026
738,184,4643.84,Amazon,23-09-2025
739,149,3945.11,Walmart,11-11-2025
740,311,478.2,Target,22-04-2026
741,196,2005.81,Zomato,09-09-2025
742,16,2396.24,Uber,16-07-2025
743,113,725.09,Target,14-01-2026
744,408,3997.55,Uber,30-05-2025
745,152,4802.66,Flipkart,10-10-2025
746,153,3402.58,Zomato,18-03-2026
747,332,1897,Amazon,20-06-2025
748,284,4380.1,Flipkart,14-08-2025
749,64,256.78,Uber,12-06-2025
750,306,2000.7,Uber,17-10-2025
751,485,471.38,Flipkart,05-12-2025
752,384,3720.08,Zomato,25-08-2025
753,177,1098.1,Zomato,05-08-2025
754,436,2587.14,Flipkart,20-02-2026
755,95,1142.9,Walmart,04-11-2025
756,100,617.38,Zomato,22-03-2026
757,410,2858.1,Amazon,01-08-2025
758,436,3767.66,Uber,18-04-2026
759,237,3241.14,Amazon,20-10-2025
760,149,3374.84,Walmart,23-05-2025
761,51,1027.22,Uber,30-11-2025
762,250,4760.12,Walmart,09-12-2025
763,66,3372.91,Flipkart,18-05-2025
764,52,1461.43,Amazon,30-08-2025
765,461,1007.82,Target,19-01-2026
766,231,1675.31,Zomato,04-05-2026
767,157,3482.62,Flipkart,07-06-2025
768,290,2855.97,Walmart,01-07-2025
769,491,2170.12,Amazon,23-03-2026
770,161,1268.57,Flipkart,29-07-2025
771,365,3712.09,Target,03-11-2025
772,142,4208.54,Flipkart,09-06-2025
773,348,3678.22,Target,23-11-2025
774,237,2254.52,Walmart,29-03-2026
775,250,2780.78,Flipkart,11-05-2025
776,331,3052.81,Walmart,30-01-2026
777,440,4140.9,Uber,27-06-2025
778,101,1353.01,Zomato,22-02-2026
779,40,3650.76,Amazon,16-11-2025
780,435,2560.53,Amazon,05-06-2025
781,417,2930.36,Target,12-01-2026
782,394,2970.68,Amazon,23-02-2026
783,283,1340.05,Uber,30-12-2025
784,242,3286.85,Flipkart,23-12-2025
785,188,1992.87,Uber,20-03-2026
786,376,4292.96,Flipkart,30-10-2025
787,238,2530.56,Amazon,02-05-2026
788,204,1851.13,Amazon,08-08-2025
789,340,1232.46,Uber,20-07-2025
790,351,870.93,Uber,27-12-2025
791,72,2258.79,Flipkart,16-07-2025
792,290,4746.12,Zomato,16-01-2026
793,447,4840.29,Zomato,22-03-2026
794,375,2443.34,Walmart,12-04-2026
795,21,1133.15,Target,26-09-2025
796,119,361.16,Walmart,07-08-2025
797,120,261.9,Flipkart,29-07-2025
798,266,4543.24,Walmart,15-10-2025
799,199,2374.89,Target,16-11-2025
800,452,279.87,Zomato,09-12-2025
801,166,560.96,Uber,05-12-2025
802,325,4156.75,Zomato,17-07-2025
803,135,2914.23,Uber,15-05-2025
804,90,1914.46,Target,02-01-2026
805,188,2959.01,Amazon,30-05-2025
806,265,1295.35,Flipkart,11-05-2025
807,265,2058.92,Walmart,10-11-2025
808,250,3973.65,Uber,27-06-2025
809,4,2534.09,Flipkart,24-06-2025
810,226,869.75,Amazon,17-01-2026
811,264,3235.21,Flipkart,24-03-2026
812,77,975.18,Walmart,26-10-2025
813,309,3600.65,Amazon,19-04-2026
814,339,1190.21,Walmart,24-01-2026
815,369,611.03,Zomato,09-07-2025
816,246,2421.15,Uber,07-05-2025
817,83,3253.93,Target,23-02-2026
818,12,1256.17,Flipkart,14-01-2026
819,294,2982.12,Flipkart,07-07-2025
820,323,2587.58,Uber,09-01-2026
821,76,326.76,Walmart,06-08-2025
822,473,941.19,Target,21-09-2025
823,307,4847.76,Zomato,31-01-2026
824,10,4398.62,Zomato,17-09-2025
825,339,4115.45,Amazon,20-04-2026
826,111,2273.56,Target,21-05-2025
827,445,2434.26,Flipkart,16-06-2025
828,426,2083.3,Flipkart,12-08-2025
829,407,2934.1,Flipkart,18-05-2025
830,320,3315.26,Walmart,04-09-2025
831,86,3634.72,Walmart,30-06-2025
832,473,2294.68,Uber,01-04-2026
833,36,1187.58,Target,06-12-2025
834,68,587.42,Flipkart,28-02-2026
835,268,4304.98,Uber,12-03-2026
836,351,2127.99,Flipkart,06-09-2025
837,311,526.68,Target,28-10-2025
838,462,3093,Amazon,19-11-2025
839,450,3930.15,Uber,05-02-2026
840,386,631.71,Target,14-12-2025
841,338,695.13,Uber,26-02-2026
842,277,4146.23,Zomato,02-01-2026
843,333,2185.91,Target,18-10-2025
844,190,4380.38,Zomato,01-02-2026
845,272,2173.33,Target,01-03-2026
846,405,3854.92,Walmart,12-06-2025
847,302,4032.87,Zomato,05-10-2025
848,295,533.7,Flipkart,22-05-2025
849,131,2411.85,Flipkart,04-06-2025
850,466,4302.31,Walmart,23-01-2026
851,307,4389.99,Target,18-02-2026
852,132,985.65,Zomato,22-11-2025
853,381,3957.64,Uber,03-02-2026
854,268,633.25,Amazon,13-08-2025
855,193,3290,Zomato,28-03-2026
856,412,1613.71,Walmart,27-05-2025
857,55,816.15,Zomato,31-03-2026
858,300,1305.48,Uber,19-02-2026
859,217,2845.12,Uber,24-06-2025
860,142,4959.4,Target,17-06-2025
861,387,1058.28,Uber,26-06-2025
862,402,2809.94,Flipkart,30-05-2025
863,190,2817.51,Target,17-08-2025
864,130,4943.12,Uber,25-01-2026
865,177,3882.26,Target,02-01-2026
866,377,733.44,Zomato,24-08-2025
867,61,3751.68,Target,27-03-2026
868,401,3511.59,Flipkart,06-08-2025
869,52,1111.57,Target,06-07-2025
870,403,1725.27,Uber,18-01-2026
871,315,3500.43,Zomato,28-03-2026
872,27,845.65,Zomato,22-07-2025
873,3,4031.63,Flipkart,20-04-2026
874,242,4633.02,Target,11-02-2026
875,46,367.2,Flipkart,13-09-2025
876,190,446.2,Amazon,04-06-2025
877,371,1952.41,Target,22-11-2025
878,315,3298.07,Walmart,27-07-2025
879,365,4819.47,Amazon,03-09-2025
880,485,3879.36,Flipkart,26-07-2025
881,328,2497.12,Amazon,26-06-2025
882,104,4260.31,Uber,06-05-2026
883,147,1014,Uber,19-11-2025
884,262,2603.28,Flipkart,06-05-2026
885,315,888.94,Amazon,30-11-2025
886,185,1234.32,Amazon,21-10-2025
887,500,829.35,Walmart,11-12-2025
888,400,2027.2,Zomato,25-05-2025
889,203,2056.98,Flipkart,11-08-2025
890,266,126.06,Zomato,11-07-2025
891,36,4599.93,Uber,24-05-2025
892,146,3644.39,Uber,15-12-2025
893,469,2935.52,Walmart,24-07-2025
894,494,4086.8,Flipkart,28-01-2026
895,311,4817.13,Target,24-11-2025
896,477,2049.58,Amazon,27-09-2025
897,134,916.42,Uber,31-07-2025
898,55,2815.22,Uber,21-05-2025
899,151,1732.83,Amazon,22-11-2025
900,412,2590.77,Walmart,27-05-2025
901,449,2712.62,Uber,22-11-2025
902,129,3486.25,Target,25-07-2025
903,289,2443.97,Flipkart,27-01-2026
904,388,1731.32,Target,23-07-2025
905,349,2330.57,Uber,06-08-2025
906,442,185.39,Amazon,28-04-2026
907,133,384.39,Zomato,08-03-2026
908,404,4971.28,Zomato,30-09-2025
909,360,1188.15,Walmart,29-08-2025
910,212,4779.46,Uber,18-11-2025
911,275,98.13,Walmart,02-01-2026
912,128,1472.08,Target,14-10-2025
913,345,3756.5,Walmart,24-10-2025
914,39,2795.03,Flipkart,28-02-2026
915,244,1603.67,Flipkart,16-10-2025
916,458,2889.88,Flipkart,05-01-2026
917,485,3743.47,Flipkart,19-04-2026
918,256,3698.71,Flipkart,08-07-2025
919,377,1248.18,Walmart,11-12-2025
920,106,1184.58,Flipkart,16-01-2026
921,429,3112.05,Flipkart,01-12-2025
922,399,578.11,Amazon,23-08-2025
923,347,4781.11,Target,26-02-2026
924,315,82.79,Uber,09-11-2025
925,491,259.2,Target,05-09-2025
926,191,3122.3,Target,01-03-2026
927,460,4927.54,Uber,31-03-2026
928,445,1409.93,Flipkart,15-10-2025
929,392,4584.23,Walmart,10-02-2026
930,204,1149.36,Uber,28-11-2025
931,66,318.03,Target,09-12-2025
932,245,4701.29,Amazon,14-09-2025
933,258,1769.08,Zomato,19-08-2025
934,398,915.26,Amazon,05-09-2025
935,358,2615.12,Walmart,13-08-2025
936,353,91.67,Zomato,09-06-2025
937,108,1928.17,Amazon,04-12-2025
938,167,1839.93,Walmart,12-05-2025
939,96,2765.39,Flipkart,26-08-2025
940,138,2383.16,Uber,21-12-2025
941,176,1861.32,Target,20-07-2025
942,218,1092.14,Zomato,08-08-2025
943,386,1892.93,Target,20-11-2025
944,144,2281.11,Uber,17-12-2025
945,68,4897.4,Zomato,01-08-2025
946,118,4080.24,Zomato,26-07-2025
947,139,4030.23,Uber,05-03-2026
948,222,4288.73,Flipkart,31-05-2025
949,75,4010.19,Zomato,26-01-2026
950,77,2391.29,Amazon,07-01-2026
951,91,2136.53,Flipkart,26-12-2025
952,458,4254.48,Uber,13-01-2026
953,274,3616.77,Target,08-02-2026
954,154,1292.32,Uber,10-02-2026
955,25,2022.09,Zomato,12-04-2026
956,84,347.18,Walmart,10-09-2025
957,244,4202.91,Amazon,29-05-2025
958,231,3735.74,Walmart,09-04-2026
959,185,1833.52,Uber,10-01-2026
960,478,4059.58,Walmart,01-02-2026
961,11,2088.22,Walmart,08-08-2025
962,445,3413.95,Uber,13-02-2026
963,102,2905.43,Zomato,09-12-2025
964,333,2715.27,Walmart,28-10-2025
965,182,1659.2,Uber,09-11-2025
966,250,3884.98,Target,05-09-2025
967,456,438.12,Uber,25-11-2025
968,147,2345.57,Flipkart,26-11-2025
969,445,879.5,Walmart,03-06-2025
970,216,3174.8,Uber,31-05-2025
971,208,4252.06,Amazon,20-05-2025
972,41,851.9,Flipkart,05-08-2025
973,161,1618.55,Walmart,23-07-2025
974,364,1373.99,Zomato,10-03-2026
975,203,1392.68,Target,03-08-2025
976,400,4320.89,Walmart,09-04-2026
977,383,2955.25,Target,24-12-2025
978,212,878.22,Amazon,21-12-2025
979,65,3652.47,Zomato,28-10-2025
980,129,4705.16,Zomato,04-02-2026
981,384,446.32,Flipkart,19-08-2025
982,204,559.9,Amazon,01-10-2025
983,480,4399.52,Uber,02-10-2025
984,28,180.51,Target,31-05-2025
985,269,3836.73,Amazon,17-07-2025
986,54,1349.14,Flipkart,18-01-2026
987,44,3291.42,Target,19-06-2025
988,159,1185.31,Zomato,08-08-2025
989,146,2243.64,Flipkart,03-02-2026
990,68,2657.37,Flipkart,15-09-2025
991,15,224.02,Walmart,07-01-2026
992,441,4580.6,Target,17-03-2026
993,240,4876.16,Uber,05-02-2026
994,479,1398.45,Target,15-01-2026
995,70,4849.23,Zomato,29-09-2025
996,277,926.33,Uber,29-09-2025
997,234,3173.69,Zomato,05-09-2025
998,450,2841.72,Uber,04-02-2026
999,328,3215.66,Walmart,13-02-2026
1000,466,1768.48,Uber,06-06-2025
1001,117,4033.3,Target,29-11-2025
1002,158,1860.63,Walmart,20-10-2025
1003,80,1552.69,Amazon,14-03-2026
1004,268,4086.13,Flipkart,24-11-2025
1005,177,1469.47,Uber,31-10-2025
1006,5,3454.46,Target,19-08-2025
1007,485,3789.59,Walmart,20-01-2026
1008,5,3841.05,Walmart,01-07-2025
1009,306,1194.52,Amazon,16-05-2025
1010,281,1899.54,Target,10-05-2025
1011,452,2824.74,Target,02-09-2025
1012,128,858.18,Zomato,25-12-2025
1013,331,1979.13,Target,30-06-2025
1014,113,1351.75,Target,10-10-2025
1015,321,1235.83,Uber,21-11-2025
1016,414,3484.93,Walmart,14-12-2025
1017,146,3259.86,Uber,08-10-2025
1018,415,1380.67,Flipkart,04-02-2026
1019,437,388.9,Flipkart,20-10-2025
1020,149,596.26,Target,20-02-2026
1021,317,2291.2,Zomato,01-03-2026
1022,319,2485.38,Walmart,27-02-2026
1023,10,803.14,Uber,09-09-2025
1024,12,970.39,Amazon,25-11-2025
1025,145,1382.52,Zomato,15-05-2025
1026,225,3649.18,Flipkart,05-06-2025
1027,47,795.88,Target,29-07-2025
1028,112,1742.47,Walmart,20-05-2025
1029,403,4007.34,Walmart,02-02-2026
1030,238,3499.83,Amazon,29-03-2026
1031,170,447.1,Flipkart,02-11-2025
1032,29,1369.19,Target,15-08-2025
1033,37,2738.8,Flipkart,14-06-2025
1034,99,4483.71,Walmart,31-12-2025
1035,419,1938.81,Amazon,01-06-2025
1036,63,4874.26,Zomato,04-09-2025
1037,128,1954.75,Target,10-09-2025
1038,127,3701.21,Amazon,04-12-2025
1039,102,2331.13,Amazon,23-04-2026
1040,267,3346.74,Flipkart,11-11-2025
1041,243,1976.16,Walmart,23-05-2025
1042,480,1649.16,Zomato,23-09-2025
1043,373,258.82,Uber,30-11-2025
1044,267,654.6,Target,31-08-2025
1045,327,1529.12,Walmart,23-01-2026
1046,455,307.83,Zomato,08-06-2025
1047,112,4867.71,Flipkart,15-04-2026
1048,325,2199.1,Amazon,10-10-2025
1049,86,3982.23,Uber,24-01-2026
1050,62,2009.25,Flipkart,22-03-2026
1051,5,4845.73,Uber,16-07-2025
1052,402,3469.22,Zomato,13-09-2025
1053,306,817.21,Amazon,11-12-2025
1054,128,830.61,Amazon,09-12-2025
1055,352,3112.29,Zomato,23-05-2025
1056,31,345.89,Zomato,24-11-2025
1057,79,3521.57,Amazon,04-05-2026
1058,65,2464.82,Walmart,01-10-2025
1059,286,3953.38,Walmart,31-12-2025
1060,413,4464.39,Zomato,06-05-2026
1061,99,155.7,Target,25-02-2026
1062,184,3635.78,Walmart,15-09-2025
1063,461,245.47,Zomato,17-08-2025
1064,225,2817.17,Uber,23-07-2025
1065,357,2475.96,Uber,25-03-2026
1066,96,2740.92,Walmart,26-09-2025
1067,375,2368.55,Uber,09-09-2025
1068,469,4309.78,Flipkart,24-01-2026
1069,36,2679.13,Target,22-03-2026
1070,152,4106.12,Uber,29-07-2025
1071,188,2297.69,Zomato,07-08-2025
1072,260,1926.27,Flipkart,01-07-2025
1073,453,142.66,Walmart,10-03-2026
1074,398,3119.98,Walmart,15-03-2026
1075,370,363.54,Uber,14-11-2025
1076,420,1968.08,Uber,05-09-2025
1077,350,2512.87,Uber,27-05-2025
1078,79,3084.54,Walmart,03-11-2025
1079,210,3222.47,Amazon,16-03-2026
1080,50,2639.84,Amazon,06-02-2026
1081,23,4184.21,Flipkart,01-08-2025
1082,92,4373.79,Flipkart,10-03-2026
1083,55,2452.58,Amazon,28-03-2026
1084,17,2876.51,Target,11-08-2025
1085,337,2475.05,Uber,15-03-2026
1086,360,2971.99,Amazon,28-12-2025
1087,188,1142.58,Zomato,29-09-2025
1088,37,114.78,Flipkart,27-06-2025
1089,336,2482.46,Amazon,22-06-2025
1090,240,4015.05,Amazon,16-01-2026
1091,185,2812.2,Target,24-11-2025
1092,421,1876.89,Zomato,27-10-2025
1093,30,4127.03,Walmart,29-07-2025
1094,271,251.23,Amazon,11-10-2025
1095,428,1554.33,Flipkart,24-08-2025
1096,492,2621.45,Amazon,09-09-2025
1097,372,1193.54,Target,08-12-2025
1098,98,1005.94,Zomato,14-02-2026
1099,128,2871.64,Flipkart,08-08-2025
1100,286,3758.51,Target,01-03-2026
1101,383,572.3,Zomato,15-06-2025
1102,296,1821.92,Target,09-09-2025
1103,360,3342.95,Amazon,09-06-2025
1104,86,3972.68,Uber,20-12-2025
1105,206,2548.23,Zomato,24-01-2026
1106,81,2692.81,Uber,03-02-2026
1107,227,4670.92,Walmart,09-07-2025
1108,282,4957.74,Walmart,20-02-2026
1109,433,1890.01,Zomato,13-01-2026
1110,221,4139.47,Walmart,03-05-2026
1111,312,1241.58,Uber,21-01-2026
1112,110,1906.56,Uber,05-02-2026
1113,475,3735.66,Walmart,29-07-2025
1114,493,2289.4,Target,06-11-2025
1115,1,3645.25,Walmart,10-06-2025
1116,306,130.7,Flipkart,11-07-2025
1117,456,1544.12,Walmart,29-10-2025
1118,114,1113.37,Walmart,25-12-2025
1119,12,3869.04,Zomato,23-12-2025
1120,422,1415.99,Uber,21-12-2025
1121,262,2803.8,Uber,28-10-2025
1122,80,516.72,Target,03-09-2025
1123,183,822.73,Walmart,16-12-2025
1124,188,4453.65,Flipkart,07-01-2026
1125,120,1318.41,Walmart,20-10-2025
1126,48,2873.91,Uber,13-08-2025
1127,470,1126.31,Amazon,05-11-2025
1128,371,1657.23,Target,26-01-2026
1129,89,2466.97,Zomato,26-02-2026
1130,360,2902.35,Amazon,04-02-2026
1131,305,3229.16,Amazon,17-04-2026
1132,375,4051.29,Target,22-02-2026
1133,41,3911.6,Walmart,31-10-2025
1134,179,4404.97,Target,10-11-2025
1135,214,4654.72,Amazon,07-04-2026
1136,446,3863.43,Zomato,25-05-2025
1137,335,4254.92,Amazon,04-09-2025
1138,325,3898.22,Target,09-07-2025
1139,28,1558.68,Amazon,02-02-2026
1140,164,2722.65,Flipkart,11-09-2025
1141,168,2536.89,Flipkart,13-11-2025
1142,79,300.07,Zomato,16-12-2025
1143,202,4856.65,Uber,31-08-2025
1144,295,2548.41,Flipkart,07-05-2025
1145,222,1484.43,Target,05-12-2025
1146,76,704.34,Amazon,16-02-2026
1147,244,2878.63,Amazon,03-01-2026
1148,281,2026,Amazon,25-06-2025
1149,205,2534.02,Zomato,15-02-2026
1150,67,3822.06,Target,01-12-2025
1151,287,1030.64,Target,27-08-2025
1152,334,2878.09,Uber,30-01-2026
1153,316,4985.54,Uber,04-03-2026
1154,127,1249.46,Walmart,13-03-2026
1155,398,2178.83,Zomato,19-03-2026
1156,474,2901.29,Amazon,14-05-2025
1157,344,2097.23,Walmart,24-10-2025
1158,179,992.92,Walmart,26-04-2026
1159,305,3294.28,Walmart,11-05-2025
1160,87,4938.88,Uber,12-11-2025
1161,421,4951.29,Target,20-08-2025
1162,320,771.8,Amazon,05-08-2025
1163,474,4099.95,Flipkart,04-07-2025
1164,351,1900.41,Zomato,02-01-2026
1165,437,474.78,Zomato,25-12-2025
1166,28,1253.09,Uber,03-09-2025
1167,475,781,Walmart,21-11-2025
1168,8,1749.19,Amazon,20-01-2026
1169,157,2277.8,Amazon,03-01-2026
1170,170,1084.6,Uber,21-03-2026
1171,109,1058.82,Uber,23-12-2025
1172,385,1330.36,Target,22-03-2026
1173,319,3663.12,Flipkart,04-11-2025
1174,356,3508.84,Amazon,29-10-2025
1175,193,2935.87,Zomato,17-09-2025
1176,270,265.24,Flipkart,07-05-2025
1177,31,1455.87,Zomato,07-11-2025
1178,317,1392.84,Target,10-10-2025
1179,336,4728.62,Amazon,23-11-2025
1180,199,3318.85,Zomato,02-10-2025
1181,437,4568.7,Walmart,18-04-2026
1182,443,584.06,Walmart,18-12-2025
1183,445,4422.84,Target,19-01-2026
1184,119,4899.97,Uber,18-03-2026
1185,364,543.04,Walmart,19-07-2025
1186,249,4340.53,Uber,19-05-2025
1187,46,972.77,Uber,05-10-2025
1188,495,2317.03,Zomato,28-11-2025
1189,12,246.77,Uber,18-06-2025
1190,157,1701.17,Target,21-02-2026
1191,382,827.18,Walmart,21-04-2026
1192,351,1791.97,Zomato,30-03-2026
1193,155,1219.21,Uber,09-11-2025
1194,142,4068.87,Zomato,14-12-2025
1195,132,4399.45,Amazon,03-02-2026
1196,484,2796.95,Walmart,18-09-2025
1197,116,800.96,Target,18-07-2025
1198,337,729.44,Zomato,01-08-2025
1199,196,2627.55,Zomato,20-04-2026
1200,314,4369.87,Zomato,03-02-2026
1201,117,2115.8,Uber,19-11-2025
1202,79,2161,Walmart,15-06-2025
1203,466,3046.58,Target,26-06-2025
1204,278,702.27,Zomato,07-07-2025
1205,71,2926.1,Zomato,31-08-2025
1206,410,1051.44,Flipkart,17-12-2025
1207,159,3458.23,Uber,28-04-2026
1208,466,719.5,Flipkart,22-06-2025
1209,336,4668.5,Flipkart,08-09-2025
1210,163,385.68,Uber,05-04-2026
1211,486,3611.23,Flipkart,23-02-2026
1212,163,4205.64,Flipkart,30-10-2025
1213,373,195.94,Walmart,06-01-2026
1214,451,4865.84,Target,09-05-2025
1215,156,2242.87,Zomato,31-05-2025
1216,478,3704.78,Flipkart,29-01-2026
1217,399,980.27,Flipkart,07-05-2025
1218,95,179.68,Uber,27-09-2025
1219,316,1370.97,Uber,11-02-2026
1220,314,1193.01,Flipkart,11-02-2026
1221,119,3452.52,Walmart,12-08-2025
1222,41,3456.3,Target,23-07-2025
1223,69,2536.51,Uber,06-11-2025
1224,241,3574.49,Walmart,08-11-2025
1225,95,4268.04,Target,23-03-2026
1226,243,730.69,Flipkart,12-11-2025
1227,116,209.54,Amazon,07-08-2025
1228,474,1385.8,Target,26-01-2026
1229,114,3724.71,Flipkart,17-06-2025
1230,388,1062.58,Flipkart,03-04-2026
1231,475,4775.76,Target,30-11-2025
1232,444,3104.44,Zomato,12-10-2025
1233,167,4340.54,Flipkart,29-11-2025
1234,219,2054.09,Amazon,18-02-2026
1235,312,3689.89,Target,12-10-2025
1236,369,1598.84,Uber,22-05-2025
1237,481,3725.22,Uber,14-02-2026
1238,275,2649.89,Zomato,13-02-2026
1239,403,240.63,Amazon,02-12-2025
1240,232,2311.66,Amazon,15-01-2026
1241,450,4979.39,Uber,11-07-2025
1242,276,2008.28,Zomato,30-04-2026
1243,21,2810.62,Uber,02-08-2025
1244,392,3171.71,Amazon,10-06-2025
1245,98,1491.34,Target,20-09-2025
1246,453,1557.54,Walmart,30-08-2025
1247,237,874.11,Walmart,30-05-2025
1248,314,4599.21,Zomato,03-08-2025
1249,265,4523.19,Target,02-09-2025
1250,425,3248.2,Amazon,08-02-2026
1251,370,2528.26,Flipkart,06-01-2026
1252,399,2947.97,Zomato,16-03-2026
1253,280,719.77,Target,19-09-2025
1254,166,2281.88,Flipkart,01-05-2026
1255,233,2972.06,Zomato,16-10-2025
1256,459,1049.56,Target,06-04-2026
1257,47,1287.91,Zomato,23-05-2025
1258,333,4540.45,Flipkart,25-01-2026
1259,368,3679.65,Amazon,18-03-2026
1260,59,3545.82,Zomato,26-01-2026
1261,186,472.27,Zomato,11-04-2026
1262,197,3648.03,Uber,27-10-2025
1263,314,4751.28,Target,02-02-2026
1264,282,1934,Flipkart,24-09-2025
1265,468,1709.21,Zomato,15-02-2026
1266,442,792.94,Flipkart,12-05-2025
1267,92,3857.33,Amazon,11-11-2025
1268,215,1574.91,Zomato,01-04-2026
1269,394,4806.78,Walmart,16-06-2025
1270,321,944.45,Flipkart,01-09-2025
1271,492,1054.12,Uber,17-08-2025
1272,392,1302.9,Target,14-08-2025
1273,255,4284.28,Uber,24-11-2025
1274,414,78.47,Target,20-03-2026
1275,122,1123.53,Zomato,02-02-2026
1276,244,2296.01,Target,20-07-2025
1277,41,3026.02,Amazon,21-10-2025
1278,126,4416.73,Walmart,07-06-2025
1279,318,3161.75,Flipkart,09-08-2025
1280,26,964.96,Amazon,12-10-2025
1281,335,1777.65,Flipkart,25-08-2025
1282,438,210.54,Uber,27-06-2025
1283,430,3036.26,Walmart,28-03-2026
1284,472,484.13,Amazon,10-09-2025
1285,214,4968.99,Flipkart,17-06-2025
1286,345,1457.68,Zomato,26-07-2025
1287,355,3514.24,Uber,28-02-2026
1288,404,2832.78,Target,22-07-2025
1289,384,2915.88,Amazon,05-10-2025
1290,48,3854.13,Walmart,28-08-2025
1291,189,4492.77,Amazon,08-04-2026
1292,389,2165.25,Uber,25-03-2026
1293,34,1499.52,Flipkart,19-02-2026
1294,63,3488.37,Walmart,23-11-2025
1295,169,2658.91,Uber,06-04-2026
1296,108,3494.36,Uber,18-05-2025
1297,30,591.05,Zomato,27-09-2025
1298,323,2668.29,Amazon,04-09-2025
1299,248,3634.17,Uber,04-05-2026
1300,479,3951.51,Zomato,23-05-2025
1301,148,2163.92,Walmart,06-05-2026
1302,133,2650.69,Uber,11-03-2026
1303,182,4639.17,Uber,05-04-2026
1304,289,2507.16,Zomato,06-03-2026
1305,324,2513.82,Flipkart,13-04-2026
1306,453,3066.56,Zomato,08-11-2025
1307,149,4897.33,Amazon,03-04-2026
1308,61,168.73,Zomato,26-10-2025
1309,408,633.73,Flipkart,15-04-2026
1310,410,3095.77,Target,17-09-2025
1311,212,275.19,Walmart,26-06-2025
1312,287,4039.92,Flipkart,01-04-2026
1313,6,3221.06,Zomato,31-10-2025
1314,145,1309.37,Amazon,24-05-2025
1315,158,1536.41,Uber,19-06-2025
1316,166,3846.81,Amazon,09-06-2025
1317,352,1699.75,Target,08-06-2025
1318,371,2866.16,Amazon,07-08-2025
1319,427,919.36,Walmart,23-01-2026
1320,427,1722.79,Zomato,09-04-2026
1321,246,4585.01,Amazon,21-12-2025
1322,331,721.98,Flipkart,18-09-2025
1323,322,2330.06,Uber,15-04-2026
1324,459,1708.79,Target,23-11-2025
1325,476,3725.79,Uber,26-08-2025
1326,154,2846.47,Zomato,05-07-2025
1327,162,2798.13,Amazon,23-04-2026
1328,107,2908.12,Walmart,09-04-2026
1329,410,4585.12,Walmart,07-05-2026
1330,34,4849.59,Walmart,16-07-2025
1331,431,204.31,Target,24-03-2026
1332,321,2694.65,Flipkart,29-07-2025
1333,293,3048.16,Flipkart,24-10-2025
1334,305,628.38,Walmart,24-02-2026
1335,362,4296.21,Zomato,14-01-2026
1336,17,1393.91,Amazon,26-01-2026
1337,255,4391.39,Walmart,08-07-2025
1338,232,4155.81,Walmart,09-05-2025
1339,111,2649.25,Flipkart,07-12-2025
1340,58,1902.37,Amazon,02-06-2025
1341,399,1050.39,Amazon,12-11-2025
1342,228,2554.67,Target,21-06-2025
1343,464,2525.27,Flipkart,08-07-2025
1344,175,4622,Zomato,06-07-2025
1345,448,2641.96,Walmart,21-10-2025
1346,74,3858.93,Amazon,25-10-2025
1347,421,4912.25,Uber,17-08-2025
1348,347,4963.97,Flipkart,14-06-2025
1349,371,230.94,Target,10-08-2025
1350,366,4330.81,Amazon,11-09-2025
1351,3,1589.36,Amazon,26-12-2025
1352,352,4248.21,Amazon,21-11-2025
1353,171,2361.04,Amazon,16-06-2025
1354,53,2626.86,Zomato,05-04-2026
1355,382,1596.78,Uber,30-05-2025
1356,389,1595.11,Flipkart,07-05-2025
1357,165,1042.75,Walmart,16-08-2025
1358,142,2684.77,Target,21-07-2025
1359,344,632.37,Flipkart,08-08-2025
1360,81,1404.5,Amazon,22-08-2025
1361,491,3133.58,Uber,29-07-2025
1362,53,1072.56,Walmart,25-03-2026
1363,282,1626.5,Flipkart,20-05-2025
1364,483,3536.55,Walmart,18-03-2026
1365,294,1261.88,Amazon,18-04-2026
1366,160,3085.65,Walmart,04-02-2026
1367,277,2246.06,Flipkart,26-03-2026
1368,15,2380.14,Zomato,26-03-2026
1369,26,574.34,Amazon,18-01-2026
1370,45,2161.01,Flipkart,14-06-2025
1371,361,3000.8,Uber,07-06-2025
1372,323,4189.06,Zomato,07-05-2025
1373,229,3100.76,Walmart,21-04-2026
1374,171,4096.34,Zomato,15-03-2026
1375,389,3370.81,Uber,08-11-2025
1376,41,4869.73,Target,31-12-2025
1377,291,702.39,Zomato,29-06-2025
1378,240,531.45,Walmart,25-01-2026
1379,351,3239.87,Target,18-04-2026
1380,241,1196.89,Flipkart,21-09-2025
1381,74,4312.43,Uber,12-07-2025
1382,133,4568.66,Target,01-09-2025
1383,94,3513.09,Zomato,13-11-2025
1384,170,3954.45,Walmart,02-06-2025
1385,233,2463.16,Amazon,20-03-2026
1386,244,608.79,Target,18-05-2025
1387,237,4236.54,Walmart,05-08-2025
1388,394,1775.65,Uber,23-04-2026
1389,66,2564.35,Target,10-11-2025
1390,419,3585.65,Amazon,07-04-2026
1391,167,2802.94,Amazon,29-06-2025
1392,406,1545.48,Target,23-12-2025
1393,206,2973.15,Flipkart,30-11-2025
1394,318,1256.27,Flipkart,24-11-2025
1395,499,2437.75,Amazon,17-10-2025
1396,175,1080.78,Zomato,08-06-2025
1397,303,2184.19,Target,15-05-2025
1398,291,3947.27,Uber,08-07-2025
1399,356,1218.96,Zomato,06-12-2025
1400,343,435.58,Zomato,29-08-2025
1401,294,4191.9,Amazon,14-01-2026
1402,304,3000.57,Walmart,20-08-2025
1403,285,533.39,Target,03-04-2026
1404,91,1574.78,Target,03-04-2026
1405,36,3011.38,Zomato,07-12-2025
1406,417,3002.21,Target,29-07-2025
1407,168,2496.76,Zomato,17-04-2026
1408,32,498.14,Flipkart,31-01-2026
1409,455,2924.8,Zomato,23-02-2026
1410,415,50.91,Flipkart,22-05-2025
1411,339,788.62,Uber,04-06-2025
1412,150,1980.41,Uber,29-01-2026
1413,229,1018.55,Zomato,13-09-2025
1414,450,1617.16,Uber,19-06-2025
1415,407,4570.36,Walmart,15-04-2026
1416,471,4719.5,Target,06-08-2025
1417,368,4913.77,Walmart,25-03-2026
1418,46,2934.5,Uber,22-05-2025
1419,262,2050.78,Flipkart,14-09-2025
1420,437,1506.21,Walmart,11-06-2025
1421,462,2766.98,Amazon,26-05-2025
1422,1,3531.6,Walmart,04-11-2025
1423,57,4313.18,Amazon,11-06-2025
1424,121,2186.99,Uber,12-05-2025
1425,202,3144.81,Zomato,06-12-2025
1426,196,2059.86,Target,22-02-2026
1427,280,1095.52,Flipkart,01-11-2025
1428,244,738.39,Uber,05-08-2025
1429,197,4224.47,Walmart,29-01-2026
1430,431,2115.32,Walmart,27-02-2026
1431,447,3366.83,Flipkart,01-05-2026
1432,6,405.14,Amazon,27-03-2026
1433,74,3620.63,Target,01-05-2026
1434,337,2211.84,Flipkart,16-08-2025
1435,44,729.24,Target,30-08-2025
1436,441,2307.34,Zomato,21-09-2025
1437,310,4655.04,Uber,15-01-2026
1438,93,2299.25,Target,31-05-2025
1439,283,4109.35,Target,21-04-2026
1440,182,1167.42,Target,10-06-2025
1441,310,86.78,Target,16-04-2026
1442,434,3668.02,Zomato,02-04-2026
1443,257,1382.79,Uber,09-07-2025
1444,296,1866.5,Amazon,01-02-2026
1445,291,2442.18,Walmart,27-09-2025
1446,58,2922.33,Zomato,17-01-2026
1447,41,753.33,Zomato,03-01-2026
1448,270,4918.72,Walmart,22-06-2025
1449,239,2608.9,Uber,09-12-2025
1450,456,3069.85,Flipkart,07-04-2026
1451,242,3171.78,Zomato,03-12-2025
1452,492,3360.15,Zomato,07-03-2026
1453,325,2719.03,Uber,29-01-2026
1454,160,3084.54,Walmart,06-01-2026
1455,274,3903.71,Target,23-07-2025
1456,233,2587.68,Target,18-10-2025
1457,294,3682.38,Target,08-03-2026
1458,181,4804.88,Walmart,15-06-2025
1459,149,879.17,Zomato,27-08-2025
1460,473,3008.3,Walmart,11-11-2025
1461,373,3935.86,Walmart,22-04-2026
1462,32,3165.04,Uber,05-08-2025
1463,87,2885.66,Zomato,08-05-2025
1464,150,4054.03,Uber,03-04-2026
1465,14,1469.74,Amazon,10-12-2025
1466,65,2552.7,Walmart,06-11-2025
1467,130,706.07,Walmart,24-01-2026
1468,141,4296.4,Amazon,08-08-2025
1469,380,602.17,Flipkart,23-12-2025
1470,466,2979.26,Flipkart,09-10-2025
1471,338,2260.93,Flipkart,20-10-2025
1472,134,3923.51,Flipkart,27-07-2025
1473,249,945.01,Uber,21-02-2026
1474,442,213.8,Amazon,13-08-2025
1475,496,768.1,Flipkart,31-08-2025
1476,429,2504.94,Target,01-06-2025
1477,395,1946.68,Zomato,11-07-2025
1478,226,3643.7,Flipkart,05-02-2026
1479,108,2909.9,Walmart,08-12-2025
1480,28,3229.19,Amazon,09-05-2025
1481,27,879.62,Target,13-11-2025
1482,244,1541.77,Zomato,12-11-2025
1483,486,3774.52,Uber,09-11-2025
1484,120,1930.01,Zomato,16-12-2025
1485,200,2399.22,Flipkart,27-06-2025
1486,272,4357.87,Amazon,09-12-2025
1487,148,4639.75,Target,05-12-2025
1488,196,3408.54,Uber,09-11-2025
1489,350,4781.56,Amazon,07-03-2026
1490,470,2679.9,Walmart,29-04-2026
1491,490,4228.98,Uber,01-10-2025
1492,471,3277.73,Walmart,05-10-2025
1493,172,1388.11,Amazon,14-08-2025
1494,131,3289,Target,18-03-2026
1495,237,3877.1,Zomato,08-12-2025
1496,124,3684.85,Uber,06-10-2025
1497,395,1014.88,Walmart,13-01-2026
1498,347,3466.88,Flipkart,15-06-2025
1499,161,2760.68,Zomato,17-10-2025
1500,5,4166.86,Amazon,01-04-2026
1501,211,533.61,Amazon,24-05-2025
1502,351,2257.41,Flipkart,28-12-2025
1503,372,1452.32,Flipkart,06-07-2025
1504,18,167.32,Amazon,30-07-2025
1505,30,4695.6,Zomato,23-12-2025
1506,458,4185.52,Uber,29-06-2025
1507,327,652.86,Amazon,17-12-2025
1508,45,4289.38,Flipkart,21-08-2025
1509,193,3299.15,Zomato,09-05-2025
1510,290,4025.84,Flipkart,01-04-2026
1511,459,598.68,Flipkart,04-05-2026
1512,130,1508.11,Zomato,08-01-2026
1513,480,424.79,Target,16-07-2025
1514,473,4976.47,Target,04-02-2026
1515,355,4521.79,Walmart,15-12-2025
1516,132,851.73,Amazon,08-12-2025
1517,142,3896.67,Target,30-04-2026
1518,199,1696.64,Amazon,16-08-2025
1519,133,4780.25,Walmart,24-08-2025
1520,92,2230.85,Target,20-06-2025
1521,476,1043.31,Target,27-02-2026
1522,92,3245.14,Amazon,10-04-2026
1523,74,2726.13,Target,27-01-2026
1524,112,3089.13,Amazon,20-03-2026
1525,468,2235.83,Walmart,15-10-2025
1526,53,222.56,Amazon,23-06-2025
1527,293,3651.35,Target,09-05-2025
1528,10,4487.74,Flipkart,03-12-2025
1529,335,3219.66,Amazon,31-10-2025
1530,341,1982.89,Flipkart,30-09-2025
1531,359,1682.66,Target,19-05-2025
1532,295,68.33,Zomato,15-06-2025
1533,482,3866.4,Target,11-07-2025
1534,224,2049.37,Zomato,12-02-2026
1535,400,4070.76,Amazon,24-08-2025
1536,277,1167.94,Target,06-11-2025
1537,489,3461.84,Target,10-09-2025
1538,63,2857.86,Walmart,06-08-2025
1539,171,3425.09,Target,27-01-2026
1540,29,3179.75,Zomato,24-04-2026
1541,47,1858.51,Walmart,17-12-2025
1542,42,4213.85,Walmart,18-02-2026
1543,332,1055.45,Uber,05-01-2026
1544,21,4839.19,Zomato,23-10-2025
1545,98,1529.41,Target,05-02-2026
1546,459,578.5,Zomato,08-04-2026
1547,184,2458.19,Zomato,06-04-2026
1548,225,3689.85,Flipkart,22-08-2025
1549,19,1005.81,Zomato,20-10-2025
1550,304,1230.5,Target,28-10-2025
1551,33,3974.06,Zomato,29-08-2025
1552,158,2523.44,Target,02-09-2025
1553,495,4979.38,Amazon,05-05-2026
1554,174,327.47,Zomato,17-08-2025
1555,22,2057.26,Flipkart,24-03-2026
1556,414,3286.56,Uber,21-08-2025
1557,235,4703.44,Uber,05-12-2025
1558,77,3718.2,Flipkart,21-01-2026
1559,474,406.57,Zomato,19-02-2026
1560,73,2470.03,Amazon,11-07-2025
1561,242,4540.54,Uber,30-08-2025
1562,24,1251.28,Zomato,13-07-2025
1563,67,121.11,Zomato,20-05-2025
1564,26,4528.08,Amazon,31-03-2026
1565,234,3075.57,Uber,18-04-2026
1566,33,4098.11,Amazon,15-08-2025
1567,59,2510.86,Uber,09-04-2026
1568,113,362.4,Flipkart,03-05-2026
1569,219,1719.85,Zomato,11-02-2026
1570,348,2039.94,Amazon,18-04-2026
1571,500,3436.24,Uber,17-05-2025
1572,71,1641.87,Flipkart,11-09-2025
1573,392,275.65,Flipkart,16-01-2026
1574,172,362.95,Walmart,29-04-2026
1575,73,3799.87,Flipkart,15-06-2025
1576,357,1881.14,Flipkart,28-02-2026
1577,225,1256.04,Uber,29-12-2025
1578,21,710.19,Zomato,22-02-2026
1579,314,1911.85,Flipkart,02-08-2025
1580,9,4404.15,Amazon,12-11-2025
1581,4,85.76,Amazon,15-12-2025
1582,362,3276.19,Walmart,28-05-2025
1583,214,3482.84,Target,04-11-2025
1584,355,678.12,Flipkart,19-07-2025
1585,328,1391.2,Target,05-07-2025
1586,211,1234.31,Flipkart,22-11-2025
1587,313,3473.78,Uber,13-08-2025
1588,93,3600.13,Uber,26-06-2025
1589,487,485.7,Walmart,19-09-2025
1590,179,2122.99,Uber,01-01-2026
1591,121,999.92,Uber,29-05-2025
1592,49,3113.66,Uber,17-06-2025
1593,260,1135.42,Zomato,28-11-2025
1594,338,1080.14,Amazon,12-08-2025
1595,100,607.76,Flipkart,02-12-2025
1596,351,4226.72,Target,11-03-2026
1597,255,922.8,Zomato,31-03-2026
1598,473,263.42,Zomato,02-07-2025
1599,187,1461.07,Target,04-08-2025
1600,129,1704.76,Target,27-08-2025
1601,23,566.88,Amazon,24-02-2026
1602,474,2709.94,Flipkart,20-12-2025
1603,403,193.87,Uber,11-12-2025
1604,60,400.75,Flipkart,02-04-2026
1605,370,2251.86,Uber,10-09-2025
1606,167,2124.38,Zomato,07-10-2025
1607,347,4496.95,Flipkart,13-03-2026
1608,399,595.16,Flipkart,21-06-2025
1609,51,1223.74,Target,14-02-2026
1610,446,1039.78,Flipkart,16-12-2025
1611,38,2381.4,Target,13-12-2025
1612,28,4457.92,Flipkart,20-02-2026
1613,111,4643.04,Target,19-02-2026
1614,92,1967.29,Flipkart,22-09-2025
1615,235,3613.12,Zomato,31-05-2025
1616,184,4879,Flipkart,28-01-2026
1617,172,679.7,Zomato,19-10-2025
1618,292,345.28,Flipkart,20-05-2025
1619,57,4265.67,Target,13-12-2025
1620,215,897.45,Walmart,26-06-2025
1621,113,4437.72,Uber,23-12-2025
1622,81,3958.26,Zomato,06-11-2025
1623,488,3077.06,Flipkart,10-06-2025
1624,296,4852.17,Flipkart,11-11-2025
1625,45,2087.9,Uber,25-03-2026
1626,251,4317.89,Flipkart,03-06-2025
1627,303,2393.77,Target,28-10-2025
1628,143,121.79,Target,25-04-2026
1629,377,4369.36,Flipkart,23-01-2026
1630,168,2199.53,Flipkart,16-05-2025
1631,457,4641.02,Flipkart,02-06-2025
1632,468,2889.82,Amazon,12-02-2026
1633,214,4901.91,Amazon,20-05-2025
1634,241,3680.71,Uber,19-05-2025
1635,18,2157.2,Target,05-03-2026
1636,246,4058.1,Zomato,02-08-2025
1637,421,535.1,Target,20-11-2025
1638,124,461.3,Amazon,04-04-2026
1639,355,3672.34,Flipkart,09-06-2025
1640,68,1824.11,Flipkart,19-04-2026
1641,332,4994.81,Amazon,14-11-2025
1642,246,3361.73,Flipkart,25-10-2025
1643,361,2323.45,Uber,18-11-2025
1644,383,2939.12,Target,11-04-2026
1645,238,3870.58,Zomato,19-05-2025
1646,208,965.48,Walmart,19-09-2025
1647,321,2348.26,Zomato,14-06-2025
1648,1,4308.89,Amazon,12-05-2025
1649,198,4472.5,Walmart,11-09-2025
1650,272,211.94,Target,02-01-2026
1651,386,1385.46,Uber,28-10-2025
1652,278,2897.39,Flipkart,02-02-2026
1653,404,3439.09,Uber,09-02-2026
1654,451,1711.69,Amazon,02-07-2025
1655,264,4729.35,Zomato,27-01-2026
1656,187,4445.49,Amazon,23-07-2025
1657,197,1859.67,Uber,14-05-2025
1658,21,1859.58,Flipkart,20-07-2025
1659,332,2816.01,Amazon,09-08-2025
1660,288,3561.22,Flipkart,25-11-2025
1661,71,4907.2,Flipkart,18-04-2026
1662,277,612.11,Target,07-11-2025
1663,378,4698.78,Uber,07-12-2025
1664,447,4797.56,Flipkart,21-01-2026
1665,386,3737.83,Flipkart,17-04-2026
1666,165,1795.92,Walmart,24-09-2025
1667,258,3417.12,Walmart,29-12-2025
1668,28,363.68,Walmart,23-09-2025
1669,232,2456.82,Uber,10-03-2026
1670,425,657.41,Zomato,28-05-2025
1671,273,3407.63,Uber,11-12-2025
1672,461,1496.71,Uber,25-03-2026
1673,189,4009.52,Zomato,13-07-2025
1674,415,4891.52,Amazon,15-12-2025
1675,97,4464.92,Target,28-02-2026
1676,45,446.84,Flipkart,21-02-2026
1677,148,4793.37,Amazon,09-08-2025
1678,56,865.59,Amazon,17-12-2025
1679,357,782.37,Flipkart,28-04-2026
1680,448,1061.07,Zomato,05-09-2025
1681,12,1501.19,Zomato,28-05-2025
1682,278,4662.02,Target,26-08-2025
1683,178,2129.64,Zomato,23-04-2026
1684,331,156.34,Flipkart,10-02-2026
1685,33,159.08,Flipkart,17-12-2025
1686,428,4739.87,Zomato,08-08-2025
1687,172,2087.87,Walmart,11-05-2025
1688,336,3247.95,Walmart,20-01-2026
1689,249,2987.12,Zomato,29-11-2025
1690,272,4217.44,Target,16-08-2025
1691,235,1555.21,Flipkart,01-04-2026
1692,460,3957.27,Flipkart,18-08-2025
1693,405,1337.04,Target,11-10-2025
1694,191,4855.08,Amazon,05-07-2025
1695,76,1797.95,Target,10-12-2025
1696,490,873.5,Flipkart,28-12-2025
1697,365,2699.82,Flipkart,07-11-2025
1698,499,918.03,Zomato,05-10-2025
1699,355,4528.32,Flipkart,10-04-2026
1700,83,1227.63,Amazon,15-11-2025
1701,163,2893.9,Target,14-09-2025
1702,134,1879.88,Flipkart,05-12-2025
1703,288,3550.32,Zomato,07-12-2025
1704,163,4891.21,Flipkart,23-02-2026
1705,191,2269.72,Flipkart,05-03-2026
1706,274,1542.72,Amazon,24-08-2025
1707,208,4658.79,Flipkart,03-11-2025
1708,486,2317.3,Walmart,17-06-2025
1709,80,71.26,Zomato,04-03-2026
1710,280,4879.23,Walmart,19-12-2025
1711,332,3541.98,Target,05-06-2025
1712,459,1484.64,Uber,24-02-2026
1713,342,778.06,Uber,05-03-2026
1714,374,4539.06,Target,08-06-2025
1715,174,3461.28,Zomato,24-02-2026
1716,246,4505.86,Flipkart,15-07-2025
1717,348,2777.25,Walmart,07-12-2025
1718,13,2038.07,Flipkart,12-04-2026
1719,229,1819.1,Walmart,14-10-2025
1720,29,3060.35,Flipkart,23-01-2026
1721,299,2655.85,Walmart,07-07-2025
1722,101,161.62,Uber,10-10-2025
1723,435,2255.02,Zomato,17-12-2025
1724,491,482.52,Uber,19-07-2025
1725,202,1012.53,Walmart,04-08-2025
1726,309,3045.14,Amazon,15-11-2025
1727,466,3350.49,Target,21-12-2025
1728,76,3594.02,Target,26-12-2025
1729,190,1961.26,Amazon,07-10-2025
1730,146,1757.36,Walmart,23-10-2025
1731,229,4377.79,Amazon,29-12-2025
1732,111,3652.87,Target,23-07-2025
1733,380,4963.36,Target,20-05-2025
1734,148,860.76,Zomato,30-12-2025
1735,497,4493.73,Zomato,03-12-2025
1736,459,2100.26,Uber,13-11-2025
1737,307,476.09,Flipkart,06-08-2025
1738,156,2399.33,Uber,19-10-2025
1739,172,377.27,Uber,07-11-2025
1740,388,1910.07,Amazon,25-03-2026
1741,210,3212.09,Walmart,03-03-2026
1742,213,915.72,Target,30-10-2025
1743,364,2861.19,Flipkart,13-05-2025
1744,103,970.73,Target,12-08-2025
1745,149,2791.64,Amazon,09-05-2025
1746,422,4139.93,Uber,24-10-2025
1747,156,2495.8,Zomato,19-08-2025
1748,238,1161.38,Amazon,31-12-2025
1749,79,1350.25,Zomato,16-04-2026
1750,428,3200.98,Amazon,19-02-2026
1751,335,3346.27,Walmart,17-11-2025
1752,214,937.89,Zomato,30-01-2026
1753,331,1261.51,Amazon,25-08-2025
1754,392,1422.22,Amazon,23-12-2025
1755,307,3740.55,Uber,15-10-2025
1756,247,2849.59,Walmart,21-01-2026
1757,322,3445.27,Zomato,08-08-2025
1758,419,641.94,Uber,22-08-2025
1759,376,2897.56,Walmart,17-10-2025
1760,84,2929.19,Flipkart,23-06-2025
1761,164,2332.17,Zomato,09-10-2025
1762,70,1819.06,Amazon,23-08-2025
1763,140,1837.76,Zomato,15-12-2025
1764,467,4778.02,Amazon,14-07-2025
1765,149,1493.74,Zomato,15-03-2026
1766,480,430.29,Flipkart,22-04-2026
1767,393,3158.75,Amazon,21-06-2025
1768,307,3775.51,Uber,10-12-2025
1769,166,4368.59,Zomato,27-05-2025
1770,410,1540.31,Zomato,19-10-2025
1771,358,3457.32,Amazon,25-01-2026
1772,274,2921.23,Flipkart,11-01-2026
1773,7,727.9,Walmart,17-12-2025
1774,191,3905.1,Target,03-01-2026
1775,175,4608.49,Flipkart,03-09-2025
1776,53,1128.49,Uber,26-01-2026
1777,114,4166.29,Uber,04-11-2025
1778,315,3463.78,Uber,06-08-2025
1779,434,2683.87,Uber,02-09-2025
1780,360,3793.72,Amazon,05-02-2026
1781,214,2329.43,Amazon,09-05-2025
1782,60,4103.28,Amazon,08-12-2025
1783,246,1773.64,Zomato,28-10-2025
1784,186,738.12,Target,14-04-2026
1785,456,4938.53,Uber,05-09-2025
1786,391,4852.05,Flipkart,30-08-2025
1787,364,1558.19,Zomato,16-08-2025
1788,418,637.05,Flipkart,01-11-2025
1789,439,3486.51,Zomato,17-01-2026
1790,117,1571.77,Flipkart,26-09-2025
1791,67,4906.49,Target,28-10-2025
1792,354,3826.97,Amazon,24-03-2026
1793,40,143.09,Target,21-12-2025
1794,388,2184.67,Flipkart,09-07-2025
1795,56,212.32,Zomato,08-09-2025
1796,263,2986.22,Target,30-11-2025
1797,61,4547.22,Amazon,27-03-2026
1798,34,1543.15,Amazon,22-08-2025
1799,387,527.69,Amazon,18-03-2026
1800,472,3028.87,Uber,05-01-2026
1801,462,1040.12,Zomato,23-01-2026
1802,180,194.83,Flipkart,02-04-2026
1803,434,3743.68,Walmart,10-12-2025
1804,486,2919.77,Walmart,07-05-2025
1805,83,4282.93,Zomato,23-12-2025
1806,314,1247.02,Uber,21-12-2025
1807,35,540.57,Uber,16-03-2026
1808,391,119.22,Flipkart,08-11-2025
1809,367,998.16,Walmart,15-08-2025
1810,88,4513.22,Uber,12-04-2026
1811,3,4869.22,Amazon,29-10-2025
1812,474,1109.38,Uber,24-01-2026
1813,436,3553.39,Walmart,01-07-2025
1814,358,2967.43,Target,10-08-2025
1815,345,4790.85,Flipkart,23-12-2025
1816,428,1806.37,Target,07-11-2025
1817,218,1110.66,Flipkart,11-04-2026
1818,209,608.59,Walmart,16-03-2026
1819,64,2356.21,Uber,28-12-2025
1820,70,2504.29,Walmart,28-03-2026
1821,361,1476.94,Zomato,27-04-2026
1822,21,457.13,Target,06-04-2026
1823,60,1954.67,Target,02-06-2025
1824,308,3694.06,Zomato,24-03-2026
1825,500,4213.4,Flipkart,26-07-2025
1826,284,2066.05,Target,27-06-2025
1827,97,4291.03,Target,08-07-2025
1828,481,3411.7,Flipkart,05-11-2025
1829,7,4993.68,Target,16-07-2025
1830,345,570.6,Target,09-04-2026
1831,268,3309.81,Amazon,05-08-2025
1832,62,759.67,Target,26-12-2025
1833,356,2973.26,Amazon,22-09-2025
1834,380,4630.19,Flipkart,16-04-2026
1835,34,1850.36,Flipkart,18-09-2025
1836,174,1041.3,Target,27-10-2025
1837,63,1202.7,Target,03-01-2026
1838,372,2520.6,Zomato,20-02-2026
1839,393,2930.5,Walmart,02-09-2025
1840,388,3957.99,Zomato,06-10-2025
1841,483,2031.17,Target,05-11-2025
1842,342,3035.67,Target,05-04-2026
1843,249,2581.5,Flipkart,06-07-2025
1844,394,2300.44,Amazon,20-06-2025
1845,129,2472.24,Flipkart,16-07-2025
1846,322,4714.89,Amazon,28-09-2025
1847,51,3702.1,Amazon,28-08-2025
1848,256,3406.63,Flipkart,26-01-2026
1849,196,3042.69,Walmart,12-12-2025
1850,79,1548.63,Uber,23-04-2026
1851,50,3812.85,Zomato,09-04-2026
1852,385,2623.75,Target,22-02-2026
1853,406,2356.81,Walmart,30-06-2025
1854,339,2514.6,Uber,03-10-2025
1855,134,2735.07,Uber,08-01-2026
1856,280,137.47,Amazon,16-01-2026
1857,221,4406.62,Amazon,04-04-2026
1858,197,2278.07,Target,06-12-2025
1859,227,2325.3,Amazon,26-03-2026
1860,91,2805.5,Walmart,11-10-2025
1861,453,3544.99,Target,21-07-2025
1862,221,715.72,Zomato,22-11-2025
1863,200,2462.9,Amazon,21-02-2026
1864,292,3391.37,Zomato,29-03-2026
1865,284,3442.6,Uber,31-03-2026
1866,241,2405.76,Flipkart,24-03-2026
1867,260,325.9,Walmart,22-08-2025
1868,254,2975.67,Target,24-07-2025
1869,316,3398.61,Walmart,30-03-2026
1870,165,354.05,Uber,01-10-2025
1871,24,684.58,Walmart,29-08-2025
1872,179,4057.29,Uber,17-11-2025
1873,14,3837.71,Zomato,02-11-2025
1874,175,1933.84,Target,05-12-2025
1875,177,4960.13,Target,04-06-2025
1876,180,329.42,Flipkart,14-02-2026
1877,127,1211.38,Walmart,08-06-2025
1878,304,470.46,Zomato,26-06-2025
1879,34,4351.25,Amazon,06-02-2026
1880,173,890.41,Uber,24-01-2026
1881,167,235.02,Zomato,23-11-2025
1882,443,2141.24,Uber,06-01-2026
1883,462,2134.8,Amazon,23-07-2025
1884,357,2375.01,Amazon,06-03-2026
1885,163,1919.8,Target,29-08-2025
1886,166,2884.07,Target,26-04-2026
1887,52,3469.78,Flipkart,15-09-2025
1888,173,2508.82,Zomato,05-02-2026
1889,174,874.8,Walmart,09-10-2025
1890,187,4848.67,Flipkart,23-05-2025
1891,255,3195.45,Amazon,12-03-2026
1892,431,4259.15,Flipkart,30-07-2025
1893,148,1362.52,Walmart,10-08-2025
1894,294,2040.04,Flipkart,27-08-2025
1895,320,3727.3,Amazon,19-07-2025
1896,368,4228.73,Amazon,05-08-2025
1897,304,1717.35,Amazon,23-01-2026
1898,291,4015.87,Target,14-06-2025
1899,219,1088.21,Amazon,30-05-2025
1900,334,4127.51,Uber,17-04-2026
1901,412,1534.55,Zomato,21-01-2026
1902,277,1601.1,Target,04-08-2025
1903,206,1293.76,Uber,04-09-2025
1904,233,3374.22,Uber,03-04-2026
1905,93,4410.44,Zomato,16-01-2026
1906,361,2605.31,Flipkart,22-06-2025
1907,296,2521.06,Zomato,07-05-2025
1908,493,4128.34,Target,19-11-2025
1909,138,4688.96,Uber,10-01-2026
1910,415,3091.39,Target,23-03-2026
1911,479,2852.28,Zomato,14-10-2025
1912,31,2635.23,Walmart,10-04-2026
1913,237,781.33,Flipkart,09-04-2026
1914,383,3442.27,Walmart,09-09-2025
1915,433,2205.17,Walmart,28-07-2025
1916,441,4159.56,Amazon,18-08-2025
1917,325,1057.61,Target,01-06-2025
1918,137,4127.37,Zomato,01-04-2026
1919,83,1319.41,Uber,11-06-2025
1920,121,2059.04,Amazon,23-03-2026
1921,77,999.98,Flipkart,20-10-2025
1922,409,4144.78,Target,14-12-2025
1923,249,2821.13,Target,05-04-2026
1924,217,3252.26,Amazon,21-02-2026
1925,104,838.82,Flipkart,07-02-2026
1926,15,1329.06,Walmart,11-09-2025
1927,338,2776,Zomato,22-05-2025
1928,437,259.05,Zomato,28-05-2025
1929,249,3922.06,Amazon,30-08-2025
1930,441,4487.7,Walmart,12-01-2026
1931,309,1525,Amazon,24-05-2025
1932,462,4777.69,Walmart,02-10-2025
1933,344,3304.28,Amazon,14-08-2025
1934,204,4718.65,Zomato,26-07-2025
1935,432,745.77,Amazon,06-06-2025
1936,293,3685.68,Amazon,26-05-2025
1937,268,3337.87,Uber,27-02-2026
1938,487,3886.82,Uber,16-03-2026
1939,129,2507.43,Amazon,06-01-2026
1940,122,3019.12,Walmart,08-02-2026
1941,169,4170.05,Zomato,23-02-2026
1942,200,4038.92,Zomato,14-05-2025
1943,121,4680.73,Flipkart,18-01-2026
1944,74,578.73,Flipkart,27-03-2026
1945,497,1409.01,Target,27-12-2025
1946,131,4321.35,Amazon,15-12-2025
1947,252,2690.68,Zomato,25-01-2026
1948,486,609.16,Uber,14-03-2026
1949,217,2400.53,Flipkart,28-02-2026
1950,494,1424.78,Flipkart,30-09-2025
1951,186,2402.35,Walmart,24-01-2026
1952,421,1575.45,Zomato,22-08-2025
1953,496,4530.89,Amazon,09-02-2026
1954,431,3710.28,Amazon,05-08-2025
1955,354,4591.41,Zomato,22-09-2025
1956,123,1302.27,Target,12-12-2025
1957,159,3212.8,Zomato,17-01-2026
1958,186,4520.63,Zomato,20-11-2025
1959,63,2697.81,Flipkart,22-12-2025
1960,440,2239.89,Amazon,25-10-2025
1961,466,4805.7,Walmart,07-05-2026
1962,155,496.74,Flipkart,02-04-2026
1963,153,1091.41,Flipkart,01-10-2025
1964,469,2222.29,Walmart,09-04-2026
1965,451,4070.63,Zomato,29-09-2025
1966,209,3957.12,Walmart,04-11-2025
1967,444,446.47,Target,26-08-2025
1968,242,3697.86,Walmart,21-09-2025
1969,368,2140.71,Amazon,30-01-2026
1970,423,843.7,Walmart,06-03-2026
1971,260,378.52,Target,21-04-2026
1972,309,3659.7,Uber,14-11-2025
1973,378,1667.5,Zomato,20-10-2025
1974,15,3821.78,Zomato,21-11-2025
1975,329,959.51,Target,24-09-2025
1976,406,3223.44,Amazon,23-03-2026
1977,206,1040.37,Walmart,04-08-2025
1978,161,2900.26,Amazon,20-11-2025
1979,81,1285.54,Zomato,13-09-2025
1980,497,3849.66,Zomato,31-05-2025
1981,391,693.96,Uber,07-01-2026
1982,352,2081.07,Walmart,30-05-2025
1983,232,2417.91,Zomato,15-09-2025
1984,69,1340.37,Zomato,27-07-2025
1985,304,4142.5,Walmart,25-10-2025
1986,102,467.77,Walmart,18-06-2025
1987,94,1997.8,Target,30-08-2025
1988,484,4181.66,Uber,14-11-2025
1989,115,152.64,Amazon,06-12-2025
1990,473,2814.72,Uber,22-12-2025
1991,321,1182.1,Amazon,07-07-2025
1992,499,2339,Walmart,17-04-2026
1993,360,4266.56,Amazon,20-11-2025
1994,206,3109.12,Uber,21-06-2025
1995,134,788.79,Walmart,08-02-2026
1996,88,4738.86,Amazon,06-02-2026
1997,8,3606.99,Target,05-04-2026
1998,396,4603.95,Target,17-07-2025
1999,424,3384.37,Amazon,04-11-2025
2000,115,3582.14,Flipkart,19-04-2026
2001,485,4316.59,Walmart,31-10-2025
2002,148,3744.89,Target,04-08-2025
2003,67,2184.98,Flipkart,17-10-2025
2004,308,1117.05,Walmart,31-01-2026
2005,373,3402.08,Target,12-07-2025
2006,93,2072.19,Flipkart,08-06-2025
2007,15,1486.46,Walmart,15-02-2026
2008,121,3107.52,Flipkart,01-02-2026
2009,190,2935.37,Zomato,21-07-2025
2010,235,474.41,Target,14-08-2025
2011,69,4363.65,Zomato,30-03-2026
2012,204,3449.92,Zomato,24-08-2025
2013,197,3556.84,Zomato,22-10-2025
2014,306,1318.32,Amazon,10-07-2025
2015,286,340.82,Walmart,22-07-2025
2016,477,1212.47,Walmart,28-02-2026
2017,311,4699.64,Uber,23-08-2025
2018,364,3753.8,Amazon,20-08-2025
2019,3,1305.6,Uber,16-03-2026
2020,196,1547.41,Target,01-01-2026
2021,344,1885.96,Uber,27-09-2025
2022,22,2923.41,Walmart,11-02-2026
2023,87,2543.55,Walmart,07-06-2025
2024,450,2367.02,Amazon,06-08-2025
2025,163,3565.77,Target,29-07-2025
2026,73,1339.01,Walmart,20-10-2025
2027,23,4893.66,Target,23-02-2026
2028,447,4868.19,Walmart,07-06-2025
2029,383,1834.93,Target,21-08-2025
2030,145,4518.82,Walmart,15-03-2026
2031,314,4156.47,Walmart,16-04-2026
2032,265,1599.4,Flipkart,15-04-2026
2033,162,3697.5,Target,09-07-2025
2034,392,4752.75,Uber,24-08-2025
2035,437,4618.12,Zomato,01-05-2026
2036,409,2227.95,Flipkart,29-07-2025
2037,77,320.11,Flipkart,24-11-2025
2038,19,2377.73,Flipkart,30-04-2026
2039,362,2362.31,Amazon,10-08-2025
2040,459,4639.67,Amazon,12-07-2025
2041,227,1814.77,Zomato,10-10-2025
2042,288,2451.74,Target,22-02-2026
2043,58,4236.9,Flipkart,04-06-2025
2044,64,1780.54,Flipkart,05-07-2025
2045,445,1456.38,Flipkart,15-05-2025
2046,384,2568.25,Walmart,09-09-2025
2047,289,4459.93,Uber,23-12-2025
2048,109,2938.56,Amazon,19-09-2025
2049,270,3845.9,Flipkart,24-07-2025
2050,214,4606.05,Flipkart,19-05-2025
2051,394,2515.65,Amazon,09-12-2025
2052,455,1676.86,Walmart,31-12-2025
2053,349,4907.61,Amazon,18-02-2026
2054,202,1899.11,Amazon,12-05-2025
2055,429,1651.51,Amazon,27-10-2025
2056,42,2328.15,Zomato,11-01-2026
2057,338,2425.28,Zomato,23-12-2025
2058,490,1383.13,Zomato,13-01-2026
2059,3,1680.66,Amazon,30-08-2025
2060,336,3130.71,Target,10-08-2025
2061,167,4739.72,Zomato,27-04-2026
2062,465,4789.14,Uber,15-02-2026
2063,67,1096.27,Amazon,20-02-2026
2064,411,3236.04,Walmart,30-10-2025
2065,409,324.9,Amazon,07-08-2025
2066,281,4761.91,Target,17-02-2026
2067,48,2024.35,Flipkart,07-08-2025
2068,123,4826.99,Target,22-01-2026
2069,46,151.53,Flipkart,03-02-2026
2070,84,1973.09,Target,04-05-2026
2071,146,3253.48,Zomato,14-08-2025
2072,79,646.98,Target,10-03-2026
2073,411,2190.17,Walmart,18-04-2026
2074,463,3440.56,Flipkart,06-07-2025
2075,184,3344.33,Walmart,27-05-2025
2076,263,1039.36,Target,23-09-2025
2077,454,1971.04,Walmart,13-08-2025
2078,289,3021.69,Amazon,27-04-2026
2079,388,2141.55,Walmart,01-05-2026
2080,315,972.46,Zomato,22-02-2026
2081,219,510.09,Uber,26-07-2025
2082,175,4867.7,Zomato,13-02-2026
2083,115,3255.67,Zomato,19-09-2025
2084,80,4656.8,Uber,02-05-2026
2085,323,3253.77,Amazon,10-11-2025
2086,149,2367.68,Amazon,26-07-2025
2087,465,4017.65,Walmart,13-12-2025
2088,77,4921.72,Zomato,30-10-2025
2089,463,1537.02,Flipkart,19-10-2025
2090,268,2167.27,Uber,25-09-2025
2091,25,2777.42,Amazon,11-12-2025
2092,263,582.78,Target,16-01-2026
2093,212,517.7,Zomato,12-02-2026
2094,369,2863.97,Walmart,14-12-2025
2095,182,1311.56,Amazon,25-09-2025
2096,394,2542.05,Amazon,03-12-2025
2097,380,3324.81,Flipkart,30-07-2025
2098,403,951.93,Target,23-02-2026
2099,24,462.29,Zomato,31-05-2025
2100,153,1604.03,Zomato,10-05-2025
2101,233,3798.9,Target,10-01-2026
2102,320,4048.78,Walmart,20-12-2025
2103,495,4594.65,Flipkart,27-02-2026
2104,109,966.18,Zomato,06-05-2026
2105,310,1333.62,Zomato,10-09-2025
2106,55,2197.3,Amazon,10-01-2026
2107,3,2004.92,Amazon,17-08-2025
2108,88,3296.21,Target,14-04-2026
2109,355,2055.2,Zomato,23-08-2025
2110,495,3734.02,Zomato,22-08-2025
2111,250,1548.86,Uber,23-06-2025
2112,185,3468.78,Zomato,04-05-2026
2113,346,2005.24,Walmart,26-04-2026
2114,45,669.19,Amazon,03-10-2025
2115,98,603.97,Amazon,09-03-2026
2116,357,4854.08,Amazon,21-05-2025
2117,108,2431.53,Flipkart,30-09-2025
2118,333,1246.81,Zomato,11-12-2025
2119,440,3960.56,Flipkart,07-10-2025
2120,45,1539.54,Target,05-05-2026
2121,76,2396.25,Amazon,11-11-2025
2122,60,872.22,Flipkart,30-11-2025
2123,379,3527.86,Target,06-12-2025
2124,242,147.16,Target,16-01-2026
2125,300,1251.02,Walmart,02-02-2026
2126,292,4155.78,Target,31-10-2025
2127,27,1702.56,Amazon,01-11-2025
2128,323,4245.77,Target,02-12-2025
2129,213,4250.65,Zomato,26-05-2025
2130,297,2999.41,Uber,05-02-2026
2131,149,233.24,Target,01-10-2025
2132,249,2591.11,Zomato,27-03-2026
2133,314,4679.64,Target,11-09-2025
2134,119,3585.74,Uber,19-12-2025
2135,10,2138.92,Walmart,07-02-2026
2136,284,364.38,Zomato,19-05-2025
2137,214,4451.25,Amazon,07-03-2026
2138,254,3132.35,Zomato,23-08-2025
2139,178,2269.21,Target,09-07-2025
2140,11,848.6,Zomato,05-01-2026
2141,99,2372.74,Target,20-06-2025
2142,119,2562.8,Uber,11-11-2025
2143,466,3440.62,Uber,12-12-2025
2144,437,4220.21,Zomato,01-04-2026
2145,240,699.23,Walmart,28-08-2025
2146,371,3571.36,Target,13-01-2026
2147,427,4708.93,Zomato,03-10-2025
2148,377,1833.27,Target,21-06-2025
2149,410,4856.16,Flipkart,12-04-2026
2150,319,1075.68,Zomato,07-08-2025
2151,384,476.65,Target,12-10-2025
2152,67,907.79,Flipkart,09-05-2025
2153,311,2486.32,Target,17-05-2025
2154,483,4969.15,Walmart,09-12-2025
2155,121,1086.69,Amazon,09-11-2025
2156,10,1825.99,Walmart,06-03-2026
2157,183,3400.79,Flipkart,01-12-2025
2158,424,4304.34,Uber,16-02-2026
2159,17,4043.74,Walmart,22-06-2025
2160,221,614.15,Flipkart,03-06-2025
2161,62,2831.81,Target,04-05-2026
2162,133,4968.63,Walmart,24-08-2025
2163,394,281.05,Uber,06-05-2026
2164,137,4486.77,Zomato,26-06-2025
2165,448,2601.17,Zomato,25-09-2025
2166,54,3546.7,Target,26-02-2026
2167,410,2312.82,Amazon,30-03-2026
2168,500,574.16,Uber,25-05-2025
2169,313,3921.67,Amazon,19-10-2025
2170,422,2834.24,Uber,22-08-2025
2171,54,876.88,Amazon,18-03-2026
2172,446,1066.66,Walmart,06-04-2026
2173,81,3655.33,Zomato,27-09-2025
2174,227,3821.73,Target,05-08-2025
2175,376,4358.94,Flipkart,23-07-2025
2176,332,1850.5,Flipkart,21-11-2025
2177,63,4250.55,Target,27-11-2025
2178,497,2107.96,Amazon,29-06-2025
2179,126,4182.33,Target,04-04-2026
2180,175,1469.45,Flipkart,02-09-2025
2181,44,1366.78,Zomato,01-10-2025
2182,387,2104.29,Zomato,23-09-2025
2183,341,1264.98,Uber,04-08-2025
2184,216,3946.72,Flipkart,27-11-2025
2185,411,2172.67,Target,05-10-2025
2186,460,2320.83,Uber,17-08-2025
2187,407,3426.88,Amazon,28-08-2025
2188,227,770.64,Amazon,27-10-2025
2189,368,4040.92,Amazon,19-10-2025
2190,44,1724.6,Target,13-10-2025
2191,396,863.41,Amazon,01-09-2025
2192,202,3808,Zomato,27-08-2025
2193,473,3225.26,Uber,31-03-2026
2194,30,4889.78,Zomato,18-06-2025
2195,410,3318.79,Uber,02-02-2026
2196,499,1513.84,Target,24-04-2026
2197,454,3420.31,Uber,04-11-2025
2198,448,1556.4,Zomato,18-08-2025
2199,161,4550.69,Amazon,02-11-2025
2200,424,1434.91,Uber,18-08-2025
2201,313,4606.23,Zomato,16-05-2025
2202,207,2258.64,Flipkart,31-12-2025
2203,455,2744.91,Uber,11-03-2026
2204,334,2238.61,Walmart,18-05-2025
2205,455,4068.56,Zomato,23-08-2025
2206,208,3888.23,Walmart,24-12-2025
2207,44,233,Walmart,12-06-2025
2208,200,3639.24,Zomato,28-04-2026
2209,451,673.73,Uber,10-09-2025
2210,146,1107.99,Uber,27-02-2026
2211,283,1595.65,Walmart,10-04-2026
2212,388,3196.64,Amazon,15-07-2025
2213,15,4457.08,Uber,06-07-2025
2214,304,1330.52,Walmart,06-06-2025
2215,372,2142.59,Uber,13-04-2026
2216,57,3673.33,Walmart,25-04-2026
2217,133,3153.6,Walmart,12-04-2026
2218,64,286.28,Zomato,27-12-2025
2219,482,667.51,Walmart,07-12-2025
2220,294,3697.45,Target,01-12-2025
2221,174,4915.61,Zomato,07-01-2026
2222,298,2849.71,Zomato,13-05-2025
2223,341,2689.78,Uber,10-09-2025
2224,120,1784.17,Walmart,17-04-2026
2225,342,3934.71,Zomato,15-07-2025
2226,294,3378.55,Zomato,27-05-2025
2227,194,2622.35,Flipkart,26-10-2025
2228,54,1672.84,Uber,02-06-2025
2229,99,4123.07,Walmart,27-12-2025
2230,233,535.04,Zomato,10-09-2025
2231,218,4150.77,Amazon,18-08-2025
2232,48,357.86,Flipkart,04-10-2025
2233,244,1113.18,Amazon,03-09-2025
2234,190,3400.27,Target,20-02-2026
2235,302,2816.89,Target,02-03-2026
2236,447,1355.28,Target,20-04-2026
2237,326,2145.94,Target,03-07-2025
2238,353,4658.63,Target,10-04-2026
2239,375,4867.7,Flipkart,12-08-2025
2240,74,2553.64,Target,04-12-2025
2241,365,2315.68,Zomato,17-02-2026
2242,263,4323.19,Amazon,11-03-2026
2243,356,1102.58,Target,27-04-2026
2244,17,3745.16,Uber,24-12-2025
2245,190,4612.4,Amazon,01-07-2025
2246,309,4268.97,Amazon,20-03-2026
2247,62,1879.45,Walmart,20-04-2026
2248,21,2637.75,Amazon,02-04-2026
2249,191,1559.38,Walmart,28-05-2025
2250,156,1505.21,Amazon,23-01-2026
2251,406,757.2,Uber,21-07-2025
2252,216,290.82,Walmart,23-08-2025
2253,456,1453.24,Flipkart,20-08-2025
2254,420,3711.32,Amazon,07-10-2025
2255,63,2760.31,Amazon,06-03-2026
2256,446,271.18,Target,02-04-2026
2257,294,1583.02,Target,14-08-2025
2258,461,1722.23,Target,17-08-2025
2259,244,4180.58,Uber,06-10-2025
2260,68,3821.66,Uber,19-01-2026
2261,326,2331.63,Target,28-01-2026
2262,342,2272.92,Zomato,19-03-2026
2263,167,492.11,Uber,20-12-2025
2264,341,3136.77,Target,05-02-2026
2265,120,4506.21,Walmart,07-05-2026
2266,277,276.81,Zomato,08-01-2026
2267,456,2243.33,Walmart,17-01-2026
2268,331,488.22,Flipkart,16-02-2026
2269,363,172.78,Zomato,27-09-2025
2270,408,3869.4,Walmart,12-05-2025
2271,288,3243.54,Zomato,31-08-2025
2272,287,471.5,Uber,13-12-2025
2273,278,2905.44,Amazon,25-04-2026
2274,491,2872.71,Flipkart,25-01-2026
2275,385,2405.39,Amazon,27-06-2025
2276,62,3308.36,Uber,24-07-2025
2277,93,4813.76,Walmart,07-07-2025
2278,403,1068.73,Zomato,24-07-2025
2279,430,4443.9,Target,17-04-2026
2280,44,4044.26,Uber,12-04-2026
2281,165,2038.9,Amazon,02-01-2026
2282,252,4316.77,Amazon,15-09-2025
2283,175,2213.24,Target,12-04-2026
2284,13,4305.26,Walmart,19-10-2025
2285,196,1323.03,Amazon,23-07-2025
2286,51,2731.81,Walmart,11-04-2026
2287,74,954.21,Amazon,29-10-2025
2288,79,1568.63,Target,20-02-2026
2289,348,887.5,Uber,11-02-2026
2290,493,1660.19,Amazon,04-10-2025
2291,366,339.58,Target,28-08-2025
2292,51,1634.21,Target,27-03-2026
2293,458,1654.88,Target,22-05-2025
2294,483,4147.32,Amazon,29-08-2025
2295,27,1052.67,Uber,06-07-2025
2296,301,1220.63,Uber,09-03-2026
2297,386,2546.89,Amazon,15-06-2025
2298,138,350.13,Target,25-08-2025
2299,284,2065.03,Target,22-03-2026
2300,15,2067.09,Flipkart,13-10-2025
2301,468,4436.47,Walmart,30-12-2025
2302,284,4819.2,Zomato,22-01-2026
2303,52,1269.26,Uber,05-11-2025
2304,334,3936.81,Walmart,04-04-2026
2305,291,2063.39,Amazon,09-09-2025
2306,434,3197.21,Flipkart,26-04-2026
2307,401,4841.16,Walmart,27-12-2025
2308,277,4927.28,Flipkart,12-08-2025
2309,276,4765.43,Uber,16-12-2025
2310,232,256.87,Target,22-09-2025
2311,493,4155.39,Walmart,23-09-2025
2312,335,4861.8,Amazon,30-10-2025
2313,31,4670.86,Target,08-04-2026
2314,140,3009.45,Zomato,08-09-2025
2315,195,4996.25,Zomato,20-07-2025
2316,109,2946.54,Uber,10-11-2025
2317,145,275.15,Zomato,01-08-2025
2318,274,2837.25,Walmart,30-09-2025
2319,46,2006.76,Amazon,27-08-2025
2320,426,741.27,Uber,15-06-2025
2321,144,4397.48,Flipkart,30-06-2025
2322,313,2548.86,Walmart,04-07-2025
2323,453,3426.4,Walmart,19-05-2025
2324,326,1343.73,Zomato,22-01-2026
2325,232,1401.42,Zomato,18-11-2025
2326,165,1741.07,Target,03-02-2026
2327,492,3017.59,Amazon,22-03-2026
2328,468,3474.63,Zomato,05-05-2026
2329,473,60.14,Target,14-08-2025
2330,3,4512.15,Zomato,29-11-2025
2331,89,2095.16,Zomato,30-11-2025
2332,361,2470.43,Target,06-01-2026
2333,276,451.69,Zomato,01-10-2025
2334,334,433.74,Amazon,10-04-2026
2335,457,4168.82,Zomato,28-12-2025
2336,228,3377.62,Walmart,06-01-2026
2337,498,4073.27,Uber,11-01-2026
2338,184,1964.42,Zomato,16-09-2025
2339,5,667.58,Walmart,26-09-2025
2340,480,1005.3,Amazon,15-08-2025
2341,114,3728.57,Walmart,05-06-2025
2342,349,4610.92,Walmart,10-07-2025
2343,99,495.33,Uber,09-01-2026
2344,321,1550.73,Zomato,15-03-2026
2345,114,1209.58,Target,21-06-2025
2346,496,1846.85,Walmart,03-11-2025
2347,253,4527.31,Zomato,10-12-2025
2348,311,1084.98,Flipkart,16-12-2025
2349,421,3210.26,Amazon,09-03-2026
2350,446,1422.87,Uber,10-02-2026
2351,253,893.86,Flipkart,24-07-2025
2352,338,3707.13,Zomato,24-02-2026
2353,350,3034.71,Flipkart,18-06-2025
2354,34,2961.41,Zomato,16-02-2026
2355,34,680.78,Uber,18-08-2025
2356,439,1178.43,Uber,09-06-2025
2357,374,3922.15,Flipkart,19-05-2025
2358,435,3405.99,Zomato,23-09-2025
2359,348,2688.06,Walmart,07-08-2025
2360,349,2822.57,Target,21-07-2025
2361,2,4692.56,Zomato,15-11-2025
2362,345,4718.22,Amazon,09-06-2025
2363,438,4696.86,Target,17-02-2026
2364,433,4975.78,Walmart,25-04-2026
2365,63,3416.86,Target,27-09-2025
2366,254,1839.29,Amazon,25-04-2026
2367,453,3620.04,Amazon,13-09-2025
2368,143,4596.04,Uber,23-09-2025
2369,230,1615.4,Target,22-08-2025
2370,100,1706.79,Uber,05-10-2025
2371,414,175.59,Zomato,19-05-2025
2372,116,4891.57,Target,21-07-2025
2373,491,418.48,Flipkart,23-04-2026
2374,101,864.18,Walmart,17-01-2026
2375,33,3148.67,Amazon,09-09-2025
2376,15,2425.83,Amazon,23-11-2025
2377,304,3996.24,Walmart,30-09-2025
2378,431,1289.53,Amazon,01-03-2026
2379,243,1229.88,Walmart,10-08-2025
2380,427,319.44,Walmart,07-10-2025
2381,267,3980.85,Amazon,06-02-2026
2382,398,3019.83,Target,28-03-2026
2383,392,523.57,Target,25-08-2025
2384,297,667.89,Amazon,11-08-2025
2385,470,215.05,Walmart,27-09-2025
2386,456,4246.08,Amazon,16-04-2026
2387,401,681.3,Target,30-04-2026
2388,29,1542.28,Zomato,27-03-2026
2389,222,375.66,Zomato,04-04-2026
2390,29,2818.33,Walmart,22-04-2026
2391,436,1938.2,Amazon,08-04-2026
2392,317,3772.22,Flipkart,05-10-2025
2393,443,3017.9,Zomato,09-04-2026
2394,320,102.5,Target,18-03-2026
2395,238,3986.07,Uber,01-07-2025
2396,318,551.33,Zomato,14-11-2025
2397,481,3395.09,Amazon,21-02-2026
2398,233,2610.2,Uber,28-12-2025
2399,99,584.63,Amazon,27-12-2025
2400,305,3580.83,Uber,08-11-2025
2401,405,4211.86,Uber,27-10-2025
2402,65,3204.95,Walmart,24-08-2025
2403,182,2133.98,Zomato,22-05-2025
2404,318,2250.89,Flipkart,27-06-2025
2405,71,3995.28,Amazon,20-09-2025
2406,66,1592.75,Target,29-11-2025
2407,263,4800.72,Walmart,27-10-2025
2408,160,2939.15,Uber,20-04-2026
2409,398,770.84,Target,23-12-2025
2410,159,3036.48,Walmart,01-05-2026
2411,189,4852.84,Uber,11-07-2025
2412,301,3305.5,Flipkart,16-02-2026
2413,30,1225.07,Uber,17-08-2025
2414,440,320.31,Walmart,03-04-2026
2415,101,4883.73,Zomato,27-04-2026
2416,466,1046.24,Amazon,03-03-2026
2417,175,987.31,Target,06-08-2025
2418,356,3474.61,Target,11-04-2026
2419,308,3477.45,Uber,04-06-2025
2420,290,4817.17,Uber,13-03-2026
2421,154,2122.54,Flipkart,24-11-2025
2422,54,2298.8,Amazon,05-07-2025
2423,254,1136.06,Amazon,05-12-2025
2424,328,1153.97,Flipkart,28-03-2026
2425,239,3138.4,Flipkart,11-07-2025
2426,247,3686.2,Walmart,04-09-2025
2427,414,3713.4,Flipkart,06-05-2026
2428,205,962.01,Amazon,02-12-2025
2429,186,98.97,Walmart,09-09-2025
2430,16,2795.72,Flipkart,16-10-2025
2431,149,2230.02,Zomato,07-02-2026
2432,300,4567.91,Walmart,25-07-2025
2433,23,4877.78,Flipkart,26-10-2025
2434,102,1456.3,Flipkart,14-05-2025
2435,454,1346.89,Flipkart,19-03-2026
2436,174,4245.29,Flipkart,12-01-2026
2437,92,1020.14,Flipkart,25-12-2025
2438,432,1345.85,Amazon,17-12-2025
2439,11,4165.66,Flipkart,17-06-2025
2440,195,3291.6,Amazon,15-08-2025
2441,174,4683.76,Walmart,20-10-2025
2442,234,1238.74,Walmart,13-11-2025
2443,339,898.23,Uber,05-12-2025
2444,410,4988.59,Target,22-03-2026
2445,450,3569.16,Amazon,15-07-2025
2446,74,4419.48,Flipkart,07-04-2026
2447,407,988.72,Uber,21-10-2025
2448,194,3487.05,Walmart,30-05-2025
2449,307,2176.22,Zomato,19-06-2025
2450,126,4609.02,Uber,14-03-2026
2451,301,986.06,Uber,16-11-2025
2452,151,3958.46,Walmart,09-08-2025
2453,127,313.63,Walmart,18-01-2026
2454,447,675.97,Uber,06-07-2025
2455,496,2941.21,Target,21-09-2025
2456,108,3650.13,Target,29-11-2025
2457,405,3334.34,Amazon,24-09-2025
2458,86,2567.64,Zomato,09-11-2025
2459,385,2570.33,Target,06-12-2025
2460,266,2348.12,Walmart,07-06-2025
2461,365,1900.7,Zomato,23-01-2026
2462,248,3592.47,Target,20-07-2025
2463,243,1378.26,Target,01-11-2025
2464,327,4609.87,Uber,29-06-2025
2465,333,231.19,Flipkart,26-01-2026
2466,459,1054.85,Flipkart,04-05-2026
2467,203,1132.04,Target,10-02-2026
2468,456,1916.56,Flipkart,25-10-2025
2469,479,4220.04,Walmart,29-04-2026
2470,282,469.56,Amazon,17-10-2025
2471,152,2250.3,Walmart,08-08-2025
2472,118,2940.61,Target,15-12-2025
2473,263,3124.57,Target,12-05-2025
2474,231,2364.38,Target,11-09-2025
2475,189,4032.3,Walmart,19-03-2026
2476,140,1942.74,Flipkart,23-12-2025
2477,227,1207.26,Zomato,12-11-2025
2478,39,1827.51,Amazon,24-11-2025
2479,151,4220.89,Uber,08-08-2025
2480,280,3236.09,Walmart,27-09-2025
2481,475,1177.32,Amazon,10-08-2025
2482,37,1833.17,Uber,17-03-2026
2483,103,1702.1,Zomato,29-09-2025
2484,169,1287.62,Zomato,13-09-2025
2485,418,3853.99,Walmart,15-10-2025
2486,98,3542.93,Flipkart,11-03-2026
2487,438,3774.3,Zomato,05-09-2025
2488,279,4566.29,Amazon,14-04-2026
2489,395,1532.4,Walmart,24-08-2025
2490,401,4984.37,Target,04-09-2025
2491,421,2920.77,Zomato,19-12-2025
2492,7,2386.42,Uber,10-07-2025
2493,390,4759.87,Target,18-04-2026
2494,117,1173.29,Zomato,15-11-2025
2495,108,2398.47,Uber,22-04-2026
2496,301,3940.57,Target,30-09-2025
2497,370,4081.27,Walmart,03-04-2026
2498,406,475.09,Flipkart,23-03-2026
2499,220,3862.15,Zomato,08-03-2026
2500,214,1087.44,Target,15-10-2025
2501,437,2814.31,Walmart,10-01-2026
2502,72,2908.67,Flipkart,19-03-2026
2503,157,4719.6,Amazon,04-11-2025
2504,256,4061.49,Walmart,25-12-2025
2505,174,1166.18,Target,08-02-2026
2506,352,3775.5,Zomato,09-01-2026
2507,276,1533.2,Uber,12-06-2025
2508,12,2859.51,Amazon,22-10-2025
2509,473,738.72,Walmart,06-01-2026
2510,291,3167.7,Uber,29-08-2025
2511,468,3058.79,Target,04-02-2026
2512,196,1060.81,Target,27-09-2025
2513,33,2695.73,Flipkart,21-12-2025
2514,244,587.76,Uber,27-09-2025
2515,493,2285.1,Walmart,14-09-2025
2516,48,898.55,Zomato,07-12-2025
2517,284,929.3,Zomato,31-12-2025
2518,309,2468.64,Flipkart,15-01-2026
2519,102,393.98,Target,28-09-2025
2520,146,1069.17,Walmart,25-10-2025
2521,338,2645.76,Target,12-09-2025
2522,30,1874.83,Amazon,09-03-2026
2523,88,1667.52,Target,04-09-2025
2524,201,827.33,Amazon,17-08-2025
2525,67,2705.44,Target,13-10-2025
2526,381,390.38,Flipkart,13-03-2026
2527,67,4358.72,Walmart,12-12-2025
2528,222,4098.59,Zomato,13-12-2025
2529,244,835.97,Uber,13-11-2025
2530,481,1586.05,Flipkart,18-12-2025
2531,258,3598.02,Target,16-08-2025
2532,142,1048.43,Flipkart,27-07-2025
2533,229,366.65,Target,23-03-2026
2534,310,4047.45,Uber,14-11-2025
2535,169,4556,Target,03-06-2025
2536,236,2340.34,Amazon,19-05-2025
2537,378,500.96,Zomato,25-10-2025
2538,452,4598.53,Walmart,29-04-2026
2539,359,4221.07,Walmart,28-02-2026
2540,201,3084.49,Flipkart,06-07-2025
2541,213,1283.22,Uber,04-11-2025
2542,376,2188.78,Target,15-09-2025
2543,467,3312.45,Zomato,09-10-2025
2544,292,522.89,Zomato,21-07-2025
2545,485,266.14,Flipkart,27-01-2026
2546,141,4418.65,Uber,25-12-2025
2547,150,3349.95,Amazon,24-04-2026
2548,358,3646.36,Flipkart,13-01-2026
2549,466,2492.76,Uber,17-06-2025
2550,63,4976.82,Amazon,18-08-2025
2551,387,570.86,Walmart,13-02-2026
2552,210,2282.13,Walmart,05-02-2026
2553,107,2555.02,Target,19-06-2025
2554,14,412.32,Zomato,01-08-2025
2555,346,3761.19,Target,26-05-2025
2556,176,3742.49,Flipkart,19-04-2026
2557,204,236.98,Walmart,04-11-2025
2558,59,3560.04,Flipkart,02-12-2025
2559,168,3367.96,Target,19-12-2025
2560,249,2333.72,Amazon,28-03-2026
2561,281,3302.26,Zomato,07-01-2026
2562,487,2216.73,Target,26-09-2025
2563,421,1431.75,Flipkart,20-10-2025
2564,88,4200.55,Uber,02-01-2026
2565,52,927.32,Amazon,27-09-2025
2566,274,3720.16,Flipkart,16-06-2025
2567,40,3373.39,Amazon,26-04-2026
2568,347,1402.6,Target,13-01-2026
2569,184,930.8,Zomato,28-03-2026
2570,18,4468.8,Uber,30-03-2026
2571,111,2238.19,Amazon,04-09-2025
2572,429,3192.21,Uber,14-07-2025
2573,329,3329.57,Zomato,23-06-2025
2574,460,558.83,Zomato,21-09-2025
2575,158,2247.73,Uber,28-12-2025
2576,3,290.89,Target,22-08-2025
2577,393,1048.6,Flipkart,14-11-2025
2578,192,4548.34,Flipkart,11-07-2025
2579,47,129.39,Amazon,12-08-2025
2580,8,1718.73,Flipkart,22-07-2025
2581,349,3361.3,Flipkart,03-04-2026
2582,491,4417.32,Zomato,26-11-2025
2583,86,3633.86,Amazon,28-02-2026
2584,213,2586.88,Walmart,21-07-2025
2585,166,2832.17,Flipkart,21-12-2025
2586,320,1075.24,Uber,06-04-2026
2587,203,4697.67,Amazon,02-07-2025
2588,119,1108.21,Walmart,21-09-2025
2589,166,909.43,Target,04-08-2025
2590,335,1615.39,Target,18-10-2025
2591,109,2320.94,Amazon,04-05-2026
2592,337,4084.67,Zomato,02-08-2025
2593,320,1876.45,Amazon,17-06-2025
2594,454,1131.88,Walmart,16-02-2026
2595,393,3014.4,Amazon,21-04-2026
2596,365,2704.1,Uber,18-11-2025
2597,88,1297.1,Amazon,24-07-2025
2598,308,1655.55,Zomato,28-09-2025
2599,357,1973.4,Zomato,20-01-2026
2600,69,1693.63,Zomato,17-06-2025
2601,390,4425.64,Walmart,21-02-2026
2602,436,3348.53,Amazon,24-11-2025
2603,172,137.36,Uber,12-01-2026
2604,230,1942.74,Zomato,31-03-2026
2605,380,1200.51,Uber,24-08-2025
2606,361,4942.49,Flipkart,07-08-2025
2607,11,3100.93,Amazon,28-05-2025
2608,159,1220.16,Target,16-06-2025
2609,388,1255.55,Amazon,08-12-2025
2610,31,730.9,Target,21-04-2026
2611,152,1049.96,Target,20-10-2025
2612,105,3228.09,Flipkart,01-04-2026
2613,473,3640.28,Target,11-12-2025
2614,379,4392.79,Flipkart,12-05-2025
2615,143,1621.82,Amazon,02-12-2025
2616,267,3969.31,Target,09-03-2026
2617,332,4072.92,Amazon,22-04-2026
2618,118,4242.33,Walmart,14-08-2025
2619,176,1249.13,Uber,01-03-2026
2620,28,4537.83,Zomato,12-02-2026
2621,128,4017.19,Zomato,16-04-2026
2622,369,1151.1,Target,15-06-2025
2623,267,1642.1,Target,08-02-2026
2624,323,79.91,Target,16-07-2025
2625,36,4770.62,Amazon,25-10-2025
2626,325,4960.46,Flipkart,09-07-2025
2627,65,504.21,Uber,10-06-2025
2628,282,4164.54,Flipkart,10-06-2025
2629,121,2561.75,Target,03-03-2026
2630,372,2362.02,Flipkart,21-03-2026
2631,370,1027.8,Target,28-11-2025
2632,91,3048.96,Walmart,03-06-2025
2633,147,2903.29,Zomato,20-05-2025
2634,104,1395.71,Target,24-07-2025
2635,41,4757.52,Walmart,08-10-2025
2636,204,1919.7,Target,13-10-2025
2637,226,2142.35,Uber,10-08-2025
2638,377,2195.48,Flipkart,23-06-2025
2639,420,4771.1,Target,17-09-2025
2640,11,3821.55,Target,03-09-2025
2641,438,462,Walmart,09-06-2025
2642,305,2709.13,Uber,06-11-2025
2643,373,919.71,Target,30-04-2026
2644,238,1563.94,Walmart,26-07-2025
2645,193,2832.6,Target,17-06-2025
2646,37,1699.51,Zomato,11-08-2025
2647,241,1018.79,Flipkart,30-08-2025
2648,3,113.53,Uber,05-03-2026
2649,374,3640.46,Target,17-11-2025
2650,208,4632.17,Target,10-04-2026
2651,497,3723.86,Target,11-10-2025
2652,251,1573.66,Uber,15-11-2025
2653,37,2073.5,Amazon,11-05-2025
2654,472,666.16,Uber,05-10-2025
2655,84,1011.43,Target,25-10-2025
2656,491,1313.53,Zomato,04-09-2025
2657,179,2572.56,Target,14-11-2025
2658,326,3458.02,Zomato,31-01-2026
2659,30,3271.99,Target,28-01-2026
2660,377,1271.62,Target,06-03-2026
2661,18,4611.27,Walmart,25-09-2025
2662,324,3547.47,Amazon,20-02-2026
2663,358,3345.09,Flipkart,11-06-2025
2664,134,3046.91,Zomato,08-08-2025
2665,76,1308.73,Uber,09-03-2026
2666,297,4761.3,Flipkart,25-05-2025
2667,7,627.82,Amazon,26-02-2026
2668,330,3572.47,Target,26-07-2025
2669,204,3545.05,Amazon,16-05-2025
2670,266,4554.25,Target,13-01-2026
2671,85,4157.26,Walmart,07-11-2025
2672,355,1545.99,Uber,15-07-2025
2673,338,4438.92,Uber,07-02-2026
2674,158,3682.97,Zomato,14-06-2025
2675,446,489.92,Zomato,28-03-2026
2676,294,3894.62,Walmart,23-04-2026
2677,417,756.43,Zomato,26-06-2025
2678,108,4653.58,Target,15-04-2026
2679,358,1575.1,Flipkart,27-12-2025
2680,418,2484.03,Amazon,08-08-2025
2681,36,3880.03,Target,03-02-2026
2682,269,2113.37,Walmart,15-04-2026
2683,376,2183.2,Flipkart,22-12-2025
2684,192,972.68,Flipkart,15-04-2026
2685,102,2458.03,Uber,10-11-2025
2686,486,595.68,Uber,06-03-2026
2687,417,1102.24,Flipkart,15-11-2025
2688,31,3762.08,Flipkart,22-11-2025
2689,133,4915.59,Target,28-04-2026
2690,226,3152.85,Uber,28-01-2026
2691,56,4348.39,Flipkart,30-08-2025
2692,41,1500.97,Target,04-08-2025
2693,64,1419.97,Walmart,18-12-2025
2694,16,2948.95,Target,28-04-2026
2695,249,3380.38,Amazon,22-07-2025
2696,5,352.23,Amazon,05-05-2026
2697,341,2933.1,Amazon,01-03-2026
2698,50,1094.79,Amazon,25-01-2026
2699,193,3034.78,Walmart,04-04-2026
2700,478,2455.33,Walmart,30-08-2025
2701,310,2175.8,Walmart,25-09-2025
2702,350,4456.25,Walmart,21-02-2026
2703,419,1236.01,Walmart,27-04-2026
2704,341,2022.43,Uber,12-11-2025
2705,30,4877.76,Walmart,28-04-2026
2706,413,545.88,Target,04-08-2025
2707,446,3506.63,Zomato,30-03-2026
2708,428,4445.45,Flipkart,13-02-2026
2709,14,3029.45,Uber,03-04-2026
2710,144,4757.76,Flipkart,20-07-2025
2711,189,2286.99,Zomato,18-04-2026
2712,338,4355.77,Uber,10-08-2025
2713,212,3318.13,Amazon,01-06-2025
2714,327,4789.86,Walmart,29-03-2026
2715,9,3187.2,Amazon,18-09-2025
2716,497,4047.41,Walmart,26-10-2025
2717,348,2249.32,Uber,30-06-2025
2718,249,2030.82,Uber,26-01-2026
2719,407,452.78,Target,28-01-2026
2720,481,4660.84,Target,17-02-2026
2721,338,4292.65,Amazon,01-07-2025
2722,376,1955.05,Uber,24-01-2026
2723,100,3574.11,Uber,04-08-2025
2724,449,2880.87,Zomato,10-10-2025
2725,259,207.14,Target,21-08-2025
2726,408,481.09,Zomato,11-06-2025
2727,281,4936.74,Target,19-02-2026
2728,87,4487.22,Amazon,24-09-2025
2729,247,3330.08,Flipkart,08-06-2025
2730,125,1097.62,Zomato,03-06-2025
2731,359,492.69,Target,01-05-2026
2732,367,194.65,Walmart,01-04-2026
2733,463,1948.27,Walmart,06-11-2025
2734,113,3609.92,Zomato,10-01-2026
2735,244,4759.94,Zomato,12-08-2025
2736,64,3344.11,Uber,03-07-2025
2737,325,3640.8,Amazon,01-01-2026
2738,408,3474.33,Flipkart,26-10-2025
2739,478,2901.06,Uber,07-08-2025
2740,34,3237.73,Target,05-04-2026
2741,467,3601.34,Zomato,27-07-2025
2742,372,1939.17,Zomato,12-02-2026
2743,402,2831.4,Target,09-04-2026
2744,414,1205.17,Walmart,31-03-2026
2745,60,1490.33,Amazon,14-08-2025
2746,46,1734.18,Uber,25-03-2026
2747,480,981.37,Amazon,15-08-2025
2748,294,1870.3,Walmart,17-09-2025
2749,489,1931.97,Zomato,01-08-2025
2750,1,1588.45,Uber,06-02-2026
2751,275,989.8,Target,25-08-2025
2752,217,1632.23,Walmart,26-04-2026
2753,409,3412.55,Flipkart,20-05-2025
2754,267,3335.53,Uber,24-09-2025
2755,114,577.6,Amazon,18-05-2025
2756,276,4269.19,Walmart,03-02-2026
2757,75,4089.93,Walmart,13-07-2025
2758,429,1133.58,Zomato,11-07-2025
2759,234,779.76,Walmart,19-01-2026
2760,75,3747.95,Zomato,29-09-2025
2761,18,3014.46,Walmart,18-05-2025
2762,258,4952.16,Amazon,08-07-2025
2763,141,4984.4,Zomato,10-10-2025
2764,294,2417.5,Flipkart,18-05-2025
2765,254,1492.9,Target,21-01-2026
2766,31,4906.66,Walmart,13-10-2025
2767,79,4148.03,Flipkart,03-01-2026
2768,435,3676.66,Flipkart,10-11-2025
2769,359,3691.84,Flipkart,20-03-2026
2770,439,2463.15,Target,20-04-2026
2771,154,4922.73,Zomato,07-06-2025
2772,468,4250.17,Amazon,12-02-2026
2773,281,1991.81,Target,06-07-2025
2774,348,2393.44,Walmart,08-10-2025
2775,388,1987.25,Amazon,25-03-2026
2776,271,3647.44,Walmart,23-03-2026
2777,357,4619.17,Zomato,14-04-2026
2778,439,2762.65,Amazon,21-11-2025
2779,68,1650.92,Uber,16-05-2025
2780,444,4035.11,Zomato,30-08-2025
2781,156,2314.79,Flipkart,01-02-2026
2782,296,730.93,Zomato,08-04-2026
2783,248,1490.85,Flipkart,22-06-2025
2784,108,1129.78,Zomato,23-01-2026
2785,101,3689.83,Amazon,28-07-2025
2786,186,3643.49,Uber,22-10-2025
2787,53,3407.67,Flipkart,02-11-2025
2788,193,4754.47,Target,29-09-2025
2789,348,4216.22,Amazon,03-08-2025
2790,50,1810.14,Target,14-06-2025
2791,92,4728.06,Amazon,17-03-2026
2792,264,3267.98,Uber,02-09-2025
2793,223,4850.15,Zomato,14-12-2025
2794,370,2049.77,Amazon,11-03-2026
2795,61,1242.23,Target,03-05-2026
2796,155,3455.52,Flipkart,01-04-2026
2797,335,3738.74,Zomato,27-01-2026
2798,408,3370.14,Amazon,22-11-2025
2799,399,2345.19,Zomato,10-04-2026
2800,196,1412.32,Zomato,17-11-2025
2801,228,1868.25,Amazon,01-01-2026
2802,60,459.05,Target,25-02-2026
2803,329,3360.52,Uber,26-01-2026
2804,116,163.98,Uber,21-05-2025
2805,294,2423.52,Zomato,08-07-2025
2806,382,518.04,Uber,14-09-2025
2807,93,1950.6,Zomato,14-07-2025
2808,360,2196.6,Uber,25-01-2026
2809,65,542.23,Amazon,09-07-2025
2810,366,4548.96,Uber,29-04-2026
2811,95,2056.39,Zomato,05-08-2025
2812,11,1999.29,Uber,11-12-2025
2813,402,4070.37,Target,20-10-2025
2814,33,2618.56,Uber,03-05-2026
2815,276,3583.06,Zomato,24-06-2025
2816,64,3779.87,Flipkart,05-12-2025
2817,495,3309.98,Amazon,07-05-2025
2818,93,4316.92,Zomato,05-09-2025
2819,93,76.35,Target,25-10-2025
2820,410,1605.77,Amazon,19-06-2025
2821,66,2896.65,Zomato,15-03-2026
2822,83,484.71,Walmart,26-03-2026
2823,436,3777.69,Amazon,09-04-2026
2824,64,2555.43,Walmart,22-01-2026
2825,495,2744.91,Target,25-02-2026
2826,484,3307.89,Flipkart,14-07-2025
2827,154,278.52,Uber,30-03-2026
2828,464,3924.87,Zomato,19-08-2025
2829,274,2252.36,Uber,30-03-2026
2830,252,3490.75,Uber,14-08-2025
2831,467,4930.8,Walmart,17-05-2025
2832,311,2714.14,Flipkart,16-03-2026
2833,353,540.1,Amazon,27-11-2025
2834,122,231.83,Flipkart,30-11-2025
2835,154,4287.62,Flipkart,25-12-2025
2836,491,714.33,Uber,30-10-2025
2837,111,2979.33,Walmart,22-04-2026
2838,66,3659.07,Target,09-01-2026
2839,39,2771.75,Walmart,11-07-2025
2840,196,3266.36,Flipkart,30-08-2025
2841,205,2307.54,Walmart,10-02-2026
2842,347,2155.45,Zomato,28-06-2025
2843,74,2702.73,Amazon,18-01-2026
2844,323,3676.74,Zomato,05-02-2026
2845,357,3245.58,Zomato,04-09-2025
2846,191,2840.03,Zomato,23-01-2026
2847,421,2581.57,Flipkart,19-05-2025
2848,215,4116.76,Walmart,30-01-2026
2849,404,2196.45,Amazon,09-08-2025
2850,494,3037.86,Amazon,01-02-2026
2851,139,666.88,Amazon,15-12-2025
2852,351,2764.43,Amazon,07-11-2025
2853,169,3218.88,Walmart,19-11-2025
2854,466,1700.91,Walmart,10-07-2025
2855,75,4350.83,Flipkart,29-04-2026
2856,141,98.82,Target,03-09-2025
2857,497,1150.02,Amazon,11-10-2025
2858,401,4631.9,Flipkart,08-10-2025
2859,270,3655.22,Walmart,29-09-2025
2860,302,4115.65,Target,30-01-2026
2861,49,2668.35,Zomato,09-02-2026
2862,293,4333.72,Uber,27-02-2026
2863,139,3056.96,Amazon,14-11-2025
2864,88,1624.08,Target,12-02-2026
2865,93,1758.61,Zomato,01-09-2025
2866,348,4841.6,Uber,26-08-2025
2867,283,2993.35,Target,21-05-2025
2868,245,2981.94,Walmart,18-10-2025
2869,5,3448.96,Zomato,28-08-2025
2870,80,3304.94,Flipkart,05-05-2026
2871,194,2859.43,Walmart,27-03-2026
2872,28,4596.29,Zomato,16-02-2026
2873,499,1882.25,Flipkart,04-01-2026
2874,348,3063.08,Zomato,06-07-2025
2875,235,956.37,Walmart,14-01-2026
2876,409,2369.9,Walmart,27-02-2026
2877,142,4765.45,Uber,29-08-2025
2878,483,3606.41,Flipkart,29-01-2026
2879,157,3196.39,Amazon,28-05-2025
2880,486,1563.02,Walmart,19-10-2025
2881,433,496.2,Amazon,20-12-2025
2882,40,3663.27,Amazon,28-09-2025
2883,85,2897.82,Amazon,11-11-2025
2884,381,1464.96,Target,07-08-2025
2885,414,4378.05,Target,09-06-2025
2886,347,2567.98,Zomato,30-08-2025
2887,70,2424.3,Uber,10-04-2026
2888,351,4989.87,Uber,15-06-2025
2889,358,667.22,Amazon,13-06-2025
2890,316,991.41,Zomato,22-10-2025
2891,4,3585.09,Zomato,31-08-2025
2892,274,3760.86,Flipkart,04-05-2026
2893,379,3322.81,Uber,05-09-2025
2894,351,3065.51,Uber,14-09-2025
2895,230,4825,Zomato,11-01-2026
2896,477,4415.56,Uber,15-10-2025
2897,463,1164.09,Amazon,27-02-2026
2898,188,4205.07,Uber,23-01-2026
2899,181,4764.79,Target,29-03-2026
2900,254,1926.52,Walmart,26-01-2026
2901,497,610.51,Zomato,17-02-2026
2902,128,4167.05,Amazon,02-11-2025
2903,149,1530.93,Walmart,20-01-2026
2904,136,1104.68,Zomato,11-04-2026
2905,324,2865.77,Flipkart,23-05-2025
2906,473,1558.86,Zomato,02-12-2025
2907,264,4137.35,Amazon,09-11-2025
2908,479,2342.13,Uber,06-06-2025
2909,435,2466.92,Walmart,12-02-2026
2910,4,3096.87,Walmart,21-12-2025
2911,153,1801.77,Amazon,30-03-2026
2912,180,4456.47,Flipkart,18-04-2026
2913,206,1804.94,Amazon,08-09-2025
2914,221,2485.63,Amazon,20-05-2025
2915,271,2595.88,Flipkart,10-01-2026
2916,211,663.02,Target,25-04-2026
2917,4,820.37,Zomato,12-11-2025
2918,129,1169.17,Target,26-06-2025
2919,192,1531.46,Target,17-06-2025
2920,457,951.8,Walmart,28-12-2025
2921,56,4947.38,Zomato,18-04-2026
2922,430,2224.82,Flipkart,29-03-2026
2923,182,3748.1,Amazon,03-01-2026
2924,184,4423.7,Zomato,09-04-2026
2925,102,597.79,Walmart,12-10-2025
2926,21,711.72,Target,22-01-2026
2927,381,1689.51,Amazon,10-10-2025
2928,83,3347.71,Target,09-11-2025
2929,492,3342.95,Walmart,29-06-2025
2930,61,2134.42,Uber,13-01-2026
2931,254,4009.11,Zomato,16-07-2025
2932,66,1658.19,Target,01-05-2026
2933,257,3643.67,Zomato,11-08-2025
2934,432,4136.91,Flipkart,18-12-2025
2935,57,4790.51,Amazon,10-07-2025
2936,65,819.93,Uber,05-05-2026
2937,7,3848.56,Flipkart,20-12-2025
2938,27,3407.64,Walmart,03-10-2025
2939,220,4883.37,Zomato,14-05-2025
2940,5,2199.93,Walmart,20-02-2026
2941,145,2455.35,Target,21-11-2025
2942,127,3107.19,Zomato,26-06-2025
2943,262,974.96,Walmart,05-09-2025
2944,393,619.35,Walmart,13-04-2026
2945,359,1274.4,Target,28-04-2026
2946,102,2395.77,Amazon,24-10-2025
2947,359,3665.76,Uber,17-11-2025
2948,93,983.91,Uber,23-04-2026
2949,323,3190.66,Flipkart,11-06-2025
2950,62,704.86,Amazon,27-12-2025
2951,141,4952.47,Flipkart,12-10-2025
2952,219,137.42,Flipkart,19-04-2026
2953,47,4328.53,Target,07-08-2025
2954,209,2648.61,Zomato,29-12-2025
2955,325,4901.62,Flipkart,29-05-2025
2956,173,2159.08,Amazon,19-08-2025
2957,262,2164.01,Amazon,28-01-2026
2958,156,594.77,Walmart,07-03-2026
2959,144,4717.84,Zomato,12-06-2025
2960,215,1272.49,Amazon,08-01-2026
2961,94,252.4,Amazon,22-07-2025
2962,339,3736.54,Flipkart,03-03-2026
2963,147,2386.69,Uber,15-08-2025
2964,52,2182.99,Walmart,20-04-2026
2965,486,2481.87,Walmart,04-12-2025
2966,156,602.07,Zomato,15-10-2025
2967,7,3430.66,Flipkart,03-03-2026
2968,170,1834.82,Walmart,23-03-2026
2969,381,3905.1,Uber,15-03-2026
2970,310,1889.38,Zomato,07-03-2026
2971,142,1089.66,Target,13-07-2025
2972,45,4441.61,Flipkart,24-12-2025
2973,323,3725.81,Amazon,26-07-2025
2974,22,2953.48,Zomato,11-01-2026
2975,419,992.65,Zomato,05-02-2026
2976,229,4631.23,Amazon,19-05-2025
2977,483,2755.57,Walmart,05-10-2025
2978,155,3640.49,Flipkart,31-01-2026
2979,274,3617.81,Amazon,18-03-2026
2980,66,998.95,Uber,07-02-2026
2981,365,1300,Uber,26-02-2026
2982,500,1769.33,Walmart,28-09-2025
2983,230,3167.83,Amazon,19-10-2025
2984,467,2208.82,Target,11-12-2025
2985,215,2642.63,Uber,30-12-2025
2986,405,158.28,Uber,05-05-2026
2987,141,3498.7,Flipkart,20-05-2025
2988,149,274.95,Uber,15-12-2025
2989,32,3982.23,Zomato,24-02-2026
2990,98,3716.54,Target,04-09-2025
2991,254,3439.24,Uber,26-03-2026
2992,498,421.18,Target,17-08-2025
2993,385,2570.93,Uber,24-03-2026
2994,400,1981.72,Uber,28-09-2025
2995,140,1074.28,Amazon,02-11-2025
2996,82,2880.89,Uber,27-11-2025
2997,357,93.86,Uber,03-06-2025
2998,234,2543.9,Zomato,05-10-2025
2999,269,1331.23,Flipkart,15-02-2026
3000,152,3555.86,Uber,17-12-2025
3001,61,896.99,Amazon,24-05-2025
3002,274,1229.17,Amazon,14-03-2026
3003,328,783.29,Walmart,08-06-2025
3004,475,708.21,Amazon,07-05-2025
3005,329,4901.12,Flipkart,02-09-2025
3006,274,625.11,Zomato,03-11-2025
3007,178,3181.78,Walmart,09-12-2025
3008,167,462.07,Zomato,09-08-2025
3009,453,2768.91,Zomato,21-12-2025
3010,69,2071.3,Uber,23-06-2025
3011,151,1656.94,Amazon,24-06-2025
3012,321,4088.81,Walmart,06-12-2025
3013,113,3665.86,Walmart,07-03-2026
3014,91,1317.14,Amazon,11-11-2025
3015,276,3303.72,Uber,07-10-2025
3016,55,3626.88,Zomato,15-02-2026
3017,196,4731,Walmart,05-04-2026
3018,446,3149.84,Uber,30-09-2025
3019,283,1070.49,Target,29-09-2025
3020,113,1655.1,Flipkart,19-10-2025
3021,298,3167.51,Target,08-03-2026
3022,80,2257.98,Zomato,12-10-2025
3023,372,2197.82,Flipkart,27-04-2026
3024,462,2421.08,Target,25-04-2026
3025,93,2323.98,Flipkart,09-04-2026
3026,97,2869.81,Zomato,29-06-2025
3027,93,3255.44,Amazon,13-07-2025
3028,159,856.45,Flipkart,03-05-2026
3029,419,2001.28,Uber,11-11-2025
3030,97,393.8,Amazon,27-12-2025
3031,219,1264.01,Zomato,21-03-2026
3032,497,2042.4,Zomato,18-04-2026
3033,270,729.59,Amazon,12-12-2025
3034,309,543.66,Target,01-12-2025
3035,11,594.68,Amazon,15-03-2026
3036,391,4161.06,Amazon,08-06-2025
3037,68,1279.3,Amazon,16-10-2025
3038,138,756.05,Zomato,09-02-2026
3039,308,116.81,Amazon,03-10-2025
3040,491,3968.72,Uber,15-11-2025
3041,377,4100.36,Zomato,09-01-2026
3042,44,1051.49,Target,18-02-2026
3043,389,2836.11,Target,25-10-2025
3044,418,857.56,Walmart,18-12-2025
3045,246,814.84,Amazon,07-02-2026
3046,279,3475.6,Zomato,29-03-2026
3047,279,659.22,Amazon,28-08-2025
3048,53,2745.98,Amazon,09-06-2025
3049,262,4437.96,Target,08-09-2025
3050,73,55.99,Flipkart,21-01-2026
3051,13,1172.04,Target,26-06-2025
3052,76,1798.88,Walmart,07-12-2025
3053,116,4612.37,Zomato,21-09-2025
3054,197,3449.49,Zomato,04-09-2025
3055,422,4512.99,Target,26-05-2025
3056,87,4954.3,Flipkart,10-07-2025
3057,53,4784.51,Walmart,14-03-2026
3058,183,427.64,Walmart,15-01-2026
3059,61,1834.44,Amazon,18-09-2025
3060,459,264.57,Flipkart,04-04-2026
3061,92,2171.71,Walmart,11-04-2026
3062,308,947.76,Target,26-05-2025
3063,77,4470.93,Zomato,03-03-2026
3064,155,3142.55,Walmart,24-01-2026
3065,179,4383.24,Walmart,11-08-2025
3066,470,2521.29,Walmart,06-02-2026
3067,478,1363.73,Zomato,23-11-2025
3068,409,428.03,Amazon,12-05-2025
3069,442,4668.82,Flipkart,17-08-2025
3070,399,3296.48,Walmart,26-01-2026
3071,76,1983.47,Zomato,16-02-2026
3072,408,3938.45,Target,01-08-2025
3073,418,383.2,Uber,25-12-2025
3074,219,4799.95,Walmart,11-08-2025
3075,75,497.71,Flipkart,26-03-2026
3076,94,3849.3,Walmart,16-07-2025
3077,164,2496.32,Target,18-04-2026
3078,356,4865.6,Uber,15-10-2025
3079,407,3201.19,Flipkart,09-06-2025
3080,411,4722.95,Flipkart,25-10-2025
3081,197,2122.37,Target,13-07-2025
3082,276,2692.16,Uber,30-11-2025
3083,275,4115.95,Target,26-05-2025
3084,43,2925.77,Target,29-11-2025
3085,270,2910.49,Zomato,03-10-2025
3086,416,3754,Zomato,09-09-2025
3087,45,1214.21,Amazon,20-01-2026
3088,105,4969.83,Amazon,10-01-2026
3089,186,2813.95,Flipkart,30-12-2025
3090,472,595.27,Walmart,11-12-2025
3091,185,4251.32,Flipkart,16-11-2025
3092,151,2328.92,Uber,25-03-2026
3093,498,4660.14,Target,16-02-2026
3094,125,1093.15,Flipkart,02-01-2026
3095,29,3747.63,Amazon,14-12-2025
3096,493,3494.11,Flipkart,18-12-2025
3097,194,3678.75,Zomato,10-04-2026
3098,495,2152.31,Amazon,12-04-2026
3099,360,574.75,Uber,24-04-2026
3100,38,2410.29,Uber,18-05-2025
3101,446,832.96,Flipkart,10-01-2026
3102,188,749.32,Flipkart,30-01-2026
3103,40,111.76,Target,10-07-2025
3104,77,3838.82,Target,21-03-2026
3105,381,743.56,Uber,11-03-2026
3106,358,4746.39,Target,02-11-2025
3107,211,3626.66,Target,01-07-2025
3108,401,3241.99,Amazon,13-05-2025
3109,147,600.77,Amazon,18-03-2026
3110,452,3230.15,Uber,11-05-2025
3111,385,909.22,Flipkart,04-03-2026
3112,6,2012.13,Target,03-07-2025
3113,349,4743.8,Target,05-12-2025
3114,284,3571.46,Walmart,03-04-2026
3115,471,2881.72,Walmart,16-02-2026
3116,364,1175.21,Flipkart,29-04-2026
3117,140,4866.96,Uber,21-11-2025
3118,194,4890.74,Flipkart,25-02-2026
3119,381,1098.73,Uber,21-01-2026
3120,29,1133.59,Flipkart,11-01-2026
3121,422,3742.68,Uber,04-09-2025
3122,310,4216.48,Zomato,26-11-2025
3123,240,2413.21,Zomato,06-11-2025
3124,329,2055.24,Target,22-11-2025
3125,85,320.62,Walmart,19-03-2026
3126,332,2149.9,Walmart,31-03-2026
3127,56,566.78,Walmart,19-07-2025
3128,309,3905.05,Walmart,13-10-2025
3129,15,1235.67,Flipkart,24-12-2025
3130,278,577,Flipkart,29-08-2025
3131,306,104.34,Walmart,04-08-2025
3132,97,2780.87,Zomato,26-11-2025
3133,476,210.22,Walmart,16-02-2026
3134,44,4884.48,Uber,01-02-2026
3135,23,2840.51,Target,06-08-2025
3136,24,287.84,Amazon,18-05-2025
3137,484,1577.59,Walmart,24-03-2026
3138,385,1447.89,Target,17-08-2025
3139,257,1014.67,Target,01-04-2026
3140,372,1811.39,Flipkart,09-12-2025
3141,360,3389.7,Walmart,08-04-2026
3142,209,4487.73,Uber,21-02-2026
3143,52,2535.78,Flipkart,28-02-2026
3144,13,2956.52,Target,01-03-2026
3145,245,2952.47,Amazon,27-02-2026
3146,149,848.05,Zomato,12-07-2025
3147,238,439.83,Zomato,18-09-2025
3148,48,4766.45,Flipkart,19-05-2025
3149,453,1117.45,Zomato,19-08-2025
3150,335,747.27,Zomato,17-03-2026
3151,83,4967.41,Uber,31-03-2026
3152,265,4961.78,Uber,11-02-2026
3153,334,2640.27,Walmart,07-08-2025
3154,230,3937.49,Walmart,07-12-2025
3155,149,1833.57,Target,25-08-2025
3156,21,4458.87,Zomato,19-12-2025
3157,199,1233.6,Uber,05-08-2025
3158,311,421.24,Flipkart,14-04-2026
3159,291,3157.56,Target,28-12-2025
3160,50,4033.4,Flipkart,31-08-2025
3161,393,4358.76,Uber,28-01-2026
3162,445,4846.29,Amazon,13-10-2025
3163,256,515.86,Walmart,17-06-2025
3164,87,4673.58,Flipkart,23-05-2025
3165,35,1436.58,Walmart,10-12-2025
3166,181,491.68,Flipkart,17-11-2025
3167,364,3871.11,Walmart,10-07-2025
3168,243,4893.49,Target,26-04-2026
3169,333,4624.6,Amazon,01-05-2026
3170,498,2865.23,Amazon,09-02-2026
3171,187,4302.07,Target,05-11-2025
3172,210,4292.15,Zomato,06-03-2026
3173,67,2232.1,Uber,06-04-2026
3174,433,3141.93,Walmart,11-07-2025
3175,192,463.28,Target,15-09-2025
3176,260,2277.96,Zomato,10-12-2025
3177,22,3122.04,Zomato,03-08-2025
3178,30,3718.16,Flipkart,15-04-2026
3179,359,4115.11,Amazon,13-07-2025
3180,80,4272.65,Walmart,26-12-2025
3181,193,833.12,Target,27-05-2025
3182,438,411.24,Target,24-10-2025
3183,448,2338.28,Amazon,04-02-2026
3184,179,2356.09,Zomato,19-03-2026
3185,274,4505.63,Target,28-08-2025
3186,56,474.82,Zomato,16-11-2025
3187,56,4591.43,Target,12-08-2025
3188,394,2193.92,Target,18-09-2025
3189,169,369.13,Walmart,14-09-2025
3190,310,2457.16,Zomato,18-10-2025
3191,380,2407.29,Walmart,07-06-2025
3192,233,239.5,Flipkart,21-05-2025
3193,486,2376.34,Zomato,18-05-2025
3194,110,1634.92,Amazon,19-01-2026
3195,308,3882.32,Amazon,24-05-2025
3196,480,4052.24,Target,04-09-2025
3197,243,1106.43,Flipkart,08-07-2025
3198,445,163.57,Zomato,20-06-2025
3199,217,1385.75,Zomato,25-11-2025
3200,91,463.78,Amazon,16-09-2025
3201,141,2055.09,Walmart,20-04-2026
3202,448,3575.42,Target,17-08-2025
3203,269,1109.82,Walmart,07-04-2026
3204,95,4161.22,Amazon,06-06-2025
3205,459,4513.13,Walmart,07-10-2025
3206,494,3778.22,Flipkart,01-07-2025
3207,102,1778.92,Target,29-06-2025
3208,247,2403.72,Zomato,15-08-2025
3209,402,845.41,Zomato,18-05-2025
3210,224,1805.73,Zomato,11-10-2025
3211,293,1976.23,Amazon,20-02-2026
3212,288,3926.21,Uber,01-11-2025
3213,102,435.15,Zomato,09-02-2026
3214,297,3101.74,Walmart,18-08-2025
3215,341,4932.52,Zomato,01-07-2025
3216,381,4134.91,Zomato,30-01-2026
3217,163,120.22,Target,14-01-2026
3218,479,780.06,Walmart,16-04-2026
3219,59,3970.48,Zomato,08-07-2025
3220,209,1350.87,Zomato,13-06-2025
3221,2,4941.78,Flipkart,10-06-2025
3222,325,2274.18,Uber,14-05-2025
3223,50,230.61,Zomato,11-01-2026
3224,97,2129.87,Uber,05-11-2025
3225,397,872.2,Target,20-12-2025
3226,111,1773.02,Flipkart,22-07-2025
3227,498,3414.16,Amazon,09-08-2025
3228,190,4078.21,Amazon,30-08-2025
3229,155,4488.44,Uber,12-05-2025
3230,420,4345.4,Zomato,03-06-2025
3231,256,3262.11,Target,11-04-2026
3232,212,2081.41,Walmart,19-07-2025
3233,425,2735.21,Uber,19-06-2025
3234,499,3837.15,Amazon,24-07-2025
3235,475,920.28,Target,29-07-2025
3236,192,925.63,Uber,17-08-2025
3237,84,2736.68,Target,05-09-2025
3238,146,4233.2,Zomato,20-09-2025
3239,349,2215.59,Walmart,08-04-2026
3240,360,3120.86,Amazon,28-08-2025
3241,45,4039.4,Amazon,14-11-2025
3242,46,3265.64,Uber,13-12-2025
3243,478,2085.83,Target,27-09-2025
3244,384,3771.05,Uber,11-05-2025
3245,52,3185.95,Uber,31-01-2026
3246,298,4039.06,Zomato,29-12-2025
3247,149,4265.94,Flipkart,01-08-2025
3248,115,3895.56,Uber,31-05-2025
3249,196,616.78,Target,31-01-2026
3250,487,665.98,Target,05-05-2026
3251,212,4544.57,Zomato,05-04-2026
3252,361,3933.94,Target,07-03-2026
3253,4,4701.1,Flipkart,27-07-2025
3254,260,1453.84,Zomato,15-10-2025
3255,136,1571.61,Target,30-06-2025
3256,345,1245.69,Target,22-01-2026
3257,17,126.87,Flipkart,01-06-2025
3258,405,1903.31,Uber,28-09-2025
3259,420,3719.16,Walmart,07-08-2025
3260,172,893.53,Uber,03-01-2026
3261,221,1247.06,Target,24-08-2025
3262,99,3100.53,Target,11-04-2026
3263,425,305.33,Uber,29-05-2025
3264,220,687.91,Zomato,12-05-2025
3265,200,4887.91,Flipkart,17-04-2026
3266,207,4525.65,Uber,20-09-2025
3267,82,2215.14,Amazon,27-04-2026
3268,364,4015.8,Uber,22-06-2025
3269,61,3175.63,Target,01-05-2026
3270,432,3822.75,Walmart,18-09-2025
3271,429,2786.88,Walmart,16-10-2025
3272,105,511.61,Amazon,26-03-2026
3273,224,107.11,Uber,09-05-2025
3274,79,187.7,Zomato,03-04-2026
3275,279,4606.94,Amazon,14-07-2025
3276,293,1942.9,Zomato,26-06-2025
3277,376,696.21,Target,31-07-2025
3278,325,3175.93,Walmart,09-08-2025
3279,96,1236.62,Flipkart,22-05-2025
3280,153,1009.45,Flipkart,05-04-2026
3281,372,3911.14,Target,20-09-2025
3282,395,1339.37,Amazon,06-10-2025
3283,141,460.67,Flipkart,12-06-2025
3284,322,164.55,Uber,20-09-2025
3285,444,561.93,Target,11-02-2026
3286,475,2999.68,Amazon,28-10-2025
3287,73,1448.19,Flipkart,01-07-2025
3288,48,433.04,Walmart,29-05-2025
3289,468,4199.66,Target,07-03-2026
3290,52,2480.63,Amazon,26-03-2026
3291,212,414.2,Zomato,18-02-2026
3292,40,1090.97,Target,14-08-2025
3293,193,4454.08,Zomato,12-08-2025
3294,466,2281.85,Flipkart,15-07-2025
3295,93,1528.84,Flipkart,11-03-2026
3296,338,2858.1,Uber,09-01-2026
3297,438,205.68,Walmart,18-03-2026
3298,178,2445.36,Uber,06-10-2025
3299,308,2755.09,Flipkart,22-09-2025
3300,268,3721.4,Amazon,22-06-2025
3301,99,3050.25,Uber,01-01-2026
3302,12,2614.07,Flipkart,10-02-2026
3303,111,4341.03,Amazon,16-09-2025
3304,461,1123.94,Walmart,28-11-2025
3305,71,1137.82,Zomato,02-07-2025
3306,355,4702.25,Walmart,18-07-2025
3307,141,2433.8,Amazon,29-03-2026
3308,179,3555.01,Zomato,25-07-2025
3309,151,2361.87,Target,05-03-2026
3310,224,2587.65,Target,17-06-2025
3311,473,1005.62,Flipkart,07-10-2025
3312,102,3450.93,Zomato,01-08-2025
3313,144,4811.26,Amazon,04-02-2026
3314,299,3976.11,Uber,19-04-2026
3315,160,869.98,Flipkart,10-12-2025
3316,489,3624.2,Target,05-08-2025
3317,453,2258.48,Uber,03-05-2026
3318,383,1394.79,Walmart,06-02-2026
3319,319,582.42,Target,21-06-2025
3320,220,1038.62,Walmart,01-02-2026
3321,192,4494.58,Amazon,17-04-2026
3322,231,877.88,Amazon,07-10-2025
3323,491,2581.22,Uber,31-03-2026
3324,210,1502.69,Zomato,30-04-2026
3325,487,4827.47,Walmart,22-11-2025
3326,204,198.2,Flipkart,12-06-2025
3327,415,1647.27,Flipkart,11-06-2025
3328,184,1264.32,Flipkart,04-08-2025
3329,337,1889.72,Flipkart,30-07-2025
3330,400,1606.54,Amazon,13-02-2026
3331,164,3457.05,Zomato,11-11-2025
3332,169,1108.17,Uber,04-12-2025
3333,408,1641.73,Flipkart,10-11-2025
3334,288,377.86,Walmart,20-05-2025
3335,309,1100.27,Flipkart,28-12-2025
3336,53,2826.75,Zomato,18-10-2025
3337,312,4734.04,Zomato,30-06-2025
3338,39,2891.04,Zomato,15-01-2026
3339,216,3426.55,Target,02-06-2025
3340,163,4076.3,Flipkart,25-12-2025
3341,101,295.82,Target,21-10-2025
3342,256,281.62,Walmart,13-06-2025
3343,216,640.33,Target,22-02-2026
3344,88,3027.08,Uber,13-10-2025
3345,197,1220.29,Amazon,08-01-2026
3346,146,138.29,Uber,24-04-2026
3347,3,4562.63,Walmart,09-04-2026
3348,68,4216.13,Target,01-10-2025
3349,19,4484.36,Uber,10-10-2025
3350,21,1720.08,Amazon,07-07-2025
3351,36,2375.97,Target,23-12-2025
3352,371,1539.94,Walmart,28-06-2025
3353,386,1761.83,Amazon,14-11-2025
3354,285,3884.34,Target,07-11-2025
3355,314,283.01,Walmart,30-05-2025
3356,357,4920.64,Target,05-11-2025
3357,435,3223.43,Amazon,25-06-2025
3358,432,1900.84,Uber,05-12-2025
3359,53,194.98,Amazon,24-05-2025
3360,423,101.46,Amazon,22-02-2026
3361,166,4313.87,Zomato,15-09-2025
3362,224,1170.39,Amazon,06-02-2026
3363,98,3634.33,Walmart,06-04-2026
3364,418,4519.26,Amazon,12-06-2025
3365,479,3456.79,Amazon,27-05-2025
3366,133,4422.43,Amazon,15-01-2026
3367,57,287.62,Walmart,20-09-2025
3368,39,1355.45,Zomato,18-08-2025
3369,314,3968.56,Target,16-08-2025
3370,139,3508.39,Flipkart,27-10-2025
3371,299,2330.43,Flipkart,04-03-2026
3372,164,4316.38,Uber,29-10-2025
3373,455,4258.26,Target,08-11-2025
3374,327,2261.56,Amazon,07-12-2025
3375,268,2661.57,Uber,13-02-2026
3376,245,3323.28,Walmart,29-07-2025
3377,165,3874.59,Target,17-08-2025
3378,116,504.41,Walmart,02-03-2026
3379,365,459.83,Uber,17-10-2025
3380,428,4370.72,Zomato,10-10-2025
3381,332,3689.58,Flipkart,25-05-2025
3382,356,436.18,Target,04-09-2025
3383,31,1101.75,Zomato,10-03-2026
3384,111,2367.34,Target,21-10-2025
3385,97,2463.85,Walmart,12-10-2025
3386,107,4079.28,Uber,02-10-2025
3387,264,4299.37,Walmart,31-03-2026
3388,363,2297.41,Flipkart,29-10-2025
3389,435,2547.33,Flipkart,12-10-2025
3390,113,4587.65,Target,30-11-2025
3391,500,2289.54,Uber,17-01-2026
3392,263,1054.95,Target,16-06-2025
3393,97,389.76,Target,15-01-2026
3394,85,3447.02,Uber,01-02-2026
3395,332,555.22,Target,29-08-2025
3396,449,580.51,Amazon,16-12-2025
3397,124,132.11,Target,08-01-2026
3398,96,1370.45,Target,20-08-2025
3399,339,2677.88,Walmart,12-02-2026
3400,136,635.71,Uber,16-07-2025
3401,44,1804.41,Flipkart,26-04-2026
3402,78,2014.79,Target,26-09-2025
3403,261,1702.01,Target,08-06-2025
3404,140,1880.41,Amazon,13-05-2025
3405,333,1943.49,Target,14-11-2025
3406,100,1505.33,Target,23-10-2025
3407,91,2990.54,Uber,19-01-2026
3408,312,2493.4,Target,28-12-2025
3409,56,3421.74,Zomato,26-04-2026
3410,128,4796.91,Flipkart,06-12-2025
3411,59,313.03,Amazon,17-11-2025
3412,295,1367.58,Amazon,11-05-2025
3413,273,550.11,Flipkart,11-03-2026
3414,452,3120.09,Zomato,24-05-2025
3415,208,1989.95,Amazon,06-11-2025
3416,113,3682.93,Zomato,12-02-2026
3417,138,2501.1,Flipkart,08-07-2025
3418,403,1057.7,Zomato,12-01-2026
3419,148,3543.97,Walmart,25-03-2026
3420,376,65.38,Flipkart,13-07-2025
3421,258,4543.52,Uber,11-11-2025
3422,245,3708.5,Zomato,08-02-2026
3423,123,892.65,Zomato,09-01-2026
3424,36,874.89,Walmart,01-03-2026
3425,461,2303.32,Amazon,28-12-2025
3426,342,2399.27,Walmart,14-11-2025
3427,11,928.7,Walmart,27-02-2026
3428,452,431.04,Zomato,06-07-2025
3429,390,4272.79,Uber,05-08-2025
3430,181,4849.23,Uber,24-12-2025
3431,1,2467.12,Flipkart,04-08-2025
3432,242,591.46,Amazon,30-08-2025
3433,291,3416.23,Walmart,09-12-2025
3434,428,1180.02,Uber,30-07-2025
3435,86,3787.21,Amazon,05-07-2025
3436,52,1557.78,Zomato,16-05-2025
3437,172,2290.45,Zomato,11-08-2025
3438,180,4949.48,Walmart,25-10-2025
3439,340,2458.14,Walmart,09-10-2025
3440,235,117.13,Walmart,30-08-2025
3441,155,3565.28,Uber,20-07-2025
3442,397,3336.49,Uber,03-04-2026
3443,248,608.17,Zomato,10-11-2025
3444,266,3654.67,Amazon,23-06-2025
3445,76,4894.26,Flipkart,22-08-2025
3446,338,4970.73,Walmart,13-12-2025
3447,255,202.98,Uber,02-05-2026
3448,380,3494.24,Target,09-11-2025
3449,185,1071.22,Amazon,13-02-2026
3450,100,4607.2,Target,04-07-2025
3451,328,584.26,Walmart,01-12-2025
3452,450,3153.11,Uber,04-08-2025
3453,461,4566.33,Uber,29-06-2025
3454,90,1363.28,Zomato,02-04-2026
3455,179,4445.57,Target,05-03-2026
3456,302,2115.61,Walmart,04-01-2026
3457,159,993.33,Uber,01-08-2025
3458,267,3524.09,Uber,17-05-2025
3459,63,2195.63,Target,17-04-2026
3460,291,4842.36,Walmart,29-11-2025
3461,148,595.44,Amazon,13-10-2025
3462,256,4639.8,Flipkart,05-10-2025
3463,239,3420.57,Uber,24-08-2025
3464,495,1484.42,Uber,14-08-2025
3465,341,854.9,Target,23-08-2025
3466,148,369.85,Walmart,29-09-2025
3467,8,2296.6,Flipkart,04-05-2026
3468,145,4136.08,Amazon,18-04-2026
3469,28,2467.41,Amazon,08-12-2025
3470,221,1793.66,Amazon,22-04-2026
3471,26,1294.6,Walmart,15-11-2025
3472,450,1452.16,Uber,16-07-2025
3473,341,4794.7,Uber,11-10-2025
3474,80,4770.74,Zomato,18-10-2025
3475,139,756.09,Zomato,19-02-2026
3476,101,2188.65,Amazon,26-01-2026
3477,149,1133.35,Target,08-09-2025
3478,478,1805.43,Zomato,27-06-2025
3479,327,1961.89,Target,06-02-2026
3480,496,4525.61,Walmart,25-06-2025
3481,472,1545.01,Walmart,23-04-2026
3482,89,2841.34,Zomato,02-03-2026
3483,449,1646.28,Uber,28-05-2025
3484,72,3432.44,Flipkart,19-03-2026
3485,129,721.67,Uber,22-01-2026
3486,103,1540.26,Amazon,13-10-2025
3487,153,2854.99,Zomato,19-05-2025
3488,237,2751.86,Target,18-06-2025
3489,401,4385.81,Target,01-01-2026
3490,50,736.12,Target,13-09-2025
3491,356,1600.64,Zomato,06-09-2025
3492,365,1819.92,Walmart,22-04-2026
3493,219,2359.44,Target,14-08-2025
3494,237,186.98,Uber,29-10-2025
3495,14,4789.58,Target,01-02-2026
3496,46,3791.49,Uber,29-09-2025
3497,465,1546.83,Flipkart,17-10-2025
3498,298,2585.42,Flipkart,19-08-2025
3499,318,2739.18,Uber,30-10-2025
3500,450,1502.05,Target,13-06-2025
3501,65,2044.56,Amazon,05-01-2026
3502,237,4047.03,Uber,17-01-2026
3503,236,4204.03,Amazon,14-02-2026
3504,29,1387.37,Zomato,17-08-2025
3505,55,1700.74,Amazon,13-08-2025
3506,421,1488.36,Target,11-09-2025
3507,354,1689.97,Amazon,07-01-2026
3508,63,3715.34,Zomato,29-01-2026
3509,262,3709.85,Amazon,17-10-2025
3510,360,1065.07,Flipkart,06-07-2025
3511,288,3715.1,Target,13-06-2025
3512,70,1156.54,Zomato,24-05-2025
3513,328,4268.67,Walmart,10-10-2025
3514,322,1588.91,Amazon,17-05-2025
3515,413,2450.53,Zomato,05-08-2025
3516,103,617.81,Amazon,23-01-2026
3517,79,3038.76,Amazon,11-01-2026
3518,267,529.48,Flipkart,15-01-2026
3519,54,2395.02,Uber,08-08-2025
3520,228,1984.03,Amazon,22-12-2025
3521,154,2052.56,Flipkart,20-04-2026
3522,420,1212.89,Uber,31-12-2025
3523,134,4117.35,Zomato,09-10-2025
3524,225,4303.6,Uber,12-10-2025
3525,64,2190.15,Zomato,22-11-2025
3526,12,964.8,Zomato,06-12-2025
3527,337,1241.38,Uber,03-04-2026
3528,380,3513.16,Flipkart,14-11-2025
3529,244,2428.31,Walmart,30-01-2026
3530,342,545.1,Uber,29-09-2025
3531,253,1868.33,Walmart,22-08-2025
3532,201,1959.81,Amazon,24-01-2026
3533,238,2113.64,Target,21-08-2025
3534,76,188.45,Target,08-05-2025
3535,62,2842.83,Amazon,25-04-2026
3536,298,1548.67,Zomato,17-04-2026
3537,334,4471.44,Uber,19-10-2025
3538,228,261.03,Walmart,24-08-2025
3539,493,739.55,Zomato,23-05-2025
3540,235,1420.67,Flipkart,14-01-2026
3541,184,2528.16,Uber,17-08-2025
3542,108,1776.73,Zomato,28-03-2026
3543,269,1983.59,Amazon,06-02-2026
3544,90,3296.8,Walmart,24-09-2025
3545,336,3610.09,Walmart,05-02-2026
3546,236,3590.15,Flipkart,14-03-2026
3547,143,3935.56,Zomato,04-03-2026
3548,156,4621.21,Amazon,12-10-2025
3549,470,4204.66,Target,19-12-2025
3550,193,4814.65,Uber,10-03-2026
3551,338,942.85,Zomato,05-11-2025
3552,475,2559.55,Zomato,26-04-2026
3553,270,1333.17,Zomato,02-02-2026
3554,166,2964.82,Uber,06-07-2025
3555,179,2943.24,Target,06-12-2025
3556,35,272.4,Zomato,28-10-2025
3557,82,1196.94,Zomato,08-07-2025
3558,55,2522.2,Zomato,15-10-2025
3559,244,1652.11,Flipkart,17-03-2026
3560,396,4052.35,Zomato,18-06-2025
3561,408,1221.26,Flipkart,30-08-2025
3562,373,4467.74,Target,04-05-2026
3563,473,368.63,Uber,04-08-2025
3564,129,616.65,Zomato,02-08-2025
3565,38,2235.57,Walmart,15-09-2025
3566,311,3174.91,Amazon,03-05-2026
3567,473,911.63,Amazon,15-05-2025
3568,358,2275.07,Flipkart,29-03-2026
3569,327,2890.21,Flipkart,08-11-2025
3570,101,1299.85,Target,23-09-2025
3571,348,1466.14,Flipkart,24-02-2026
3572,380,852.34,Uber,28-08-2025
3573,415,3960.52,Amazon,27-11-2025
3574,299,170,Zomato,19-01-2026
3575,50,1057.52,Flipkart,06-03-2026
3576,458,75.92,Target,25-12-2025
3577,291,2755.58,Amazon,22-04-2026
3578,175,967.26,Zomato,19-01-2026
3579,491,4559.39,Zomato,05-05-2026
3580,271,2506.07,Flipkart,16-07-2025
3581,293,4146.5,Uber,02-11-2025
3582,181,1814.6,Uber,12-08-2025
3583,437,732.47,Amazon,01-01-2026
3584,225,2166.18,Target,19-05-2025
3585,448,400.79,Amazon,06-04-2026
3586,66,3922.82,Walmart,02-05-2026
3587,52,633.74,Flipkart,24-08-2025
3588,27,3027.37,Walmart,30-12-2025
3589,12,1158.91,Walmart,04-08-2025
3590,473,4149.34,Target,09-04-2026
3591,361,1821.63,Flipkart,18-09-2025
3592,496,1475.94,Uber,13-06-2025
3593,295,1244.92,Uber,15-05-2025
3594,478,3075.67,Walmart,14-04-2026
3595,205,3112.29,Uber,26-02-2026
3596,358,4464.45,Uber,25-08-2025
3597,242,4687.79,Walmart,21-04-2026
3598,335,198.39,Walmart,30-10-2025
3599,216,1341.36,Walmart,10-08-2025
3600,455,3835.44,Flipkart,25-02-2026
3601,105,2758.08,Zomato,11-03-2026
3602,169,4624.66,Zomato,09-05-2025
3603,468,4397.44,Flipkart,16-12-2025
3604,253,410.91,Uber,16-03-2026
3605,464,3069.51,Amazon,08-01-2026
3606,178,4906.23,Target,10-01-2026
3607,307,3709.48,Amazon,12-04-2026
3608,455,2779.55,Flipkart,23-05-2025
3609,139,3630.48,Amazon,03-02-2026
3610,19,2508.15,Flipkart,25-06-2025
3611,333,1783.78,Target,09-06-2025
3612,156,3918.63,Flipkart,17-05-2025
3613,11,4659.67,Amazon,29-04-2026
3614,397,3920.02,Flipkart,04-12-2025
3615,274,3060.29,Target,24-06-2025
3616,350,3433.8,Amazon,08-09-2025
3617,283,2436.76,Target,12-07-2025
3618,393,1917.28,Flipkart,10-07-2025
3619,221,3521.62,Uber,23-03-2026
3620,71,622.14,Amazon,15-07-2025
3621,460,3097.48,Walmart,03-01-2026
3622,181,1008.55,Target,15-12-2025
3623,471,336.72,Flipkart,06-03-2026
3624,48,2963.66,Flipkart,12-07-2025
3625,212,3750,Uber,01-11-2025
3626,291,276.61,Amazon,23-11-2025
3627,448,3613.14,Amazon,04-10-2025
3628,40,330.44,Target,24-06-2025
3629,93,1448.85,Walmart,08-06-2025
3630,180,3031.96,Flipkart,23-02-2026
3631,150,692.1,Target,19-12-2025
3632,246,3305.03,Zomato,03-05-2026
3633,40,428.07,Uber,08-10-2025
3634,106,2499.9,Zomato,20-11-2025
3635,417,1816.94,Flipkart,19-02-2026
3636,228,3580.01,Walmart,03-03-2026
3637,400,2779.46,Zomato,14-07-2025
3638,126,2657.88,Walmart,26-03-2026
3639,164,3503.97,Uber,19-03-2026
3640,54,317.29,Target,30-09-2025
3641,362,4755.29,Target,28-03-2026
3642,144,438.31,Flipkart,08-11-2025
3643,431,4880.9,Flipkart,04-12-2025
3644,157,3722.45,Flipkart,28-02-2026
3645,63,1893.33,Flipkart,23-03-2026
3646,19,4890.65,Zomato,26-07-2025
3647,226,3267.05,Target,02-08-2025
3648,488,615.48,Target,26-03-2026
3649,429,217.09,Walmart,16-06-2025
3650,302,1951.67,Amazon,20-10-2025
3651,31,1431.51,Uber,11-05-2025
3652,197,2502.02,Target,13-11-2025
3653,197,2247.9,Flipkart,13-04-2026
3654,106,1927.67,Zomato,01-08-2025
3655,221,2685.84,Zomato,20-05-2025
3656,157,204.97,Walmart,14-06-2025
3657,480,178.66,Uber,13-11-2025
3658,387,4471.19,Walmart,15-12-2025
3659,415,3778.93,Flipkart,20-03-2026
3660,388,185.36,Zomato,22-03-2026
3661,425,3126.58,Target,17-06-2025
3662,401,3659.67,Zomato,08-11-2025
3663,386,332.74,Amazon,19-10-2025
3664,284,1971.15,Zomato,02-01-2026
3665,478,3405.95,Uber,07-10-2025
3666,238,2147.98,Zomato,04-06-2025
3667,291,3856.61,Walmart,13-01-2026
3668,84,4803.51,Target,22-05-2025
3669,382,4963.43,Flipkart,19-06-2025
3670,68,4543.18,Walmart,04-05-2026
3671,410,3428.86,Walmart,27-02-2026
3672,44,4994.09,Uber,17-01-2026
3673,152,1720.79,Target,22-05-2025
3674,20,3096.96,Walmart,13-07-2025
3675,138,3313.19,Zomato,29-08-2025
3676,415,3869.24,Amazon,19-08-2025
3677,64,1569.13,Zomato,05-06-2025
3678,165,4188.2,Flipkart,02-05-2026
3679,228,2340.49,Target,07-02-2026
3680,5,2358.88,Walmart,06-03-2026
3681,246,3206.83,Uber,16-03-2026
3682,112,2072.62,Uber,28-11-2025
3683,481,443.76,Uber,14-11-2025
3684,283,1604.43,Amazon,14-11-2025
3685,226,940.03,Walmart,13-11-2025
3686,133,4351.82,Flipkart,08-02-2026
3687,117,3170.17,Flipkart,11-04-2026
3688,447,3108.85,Amazon,03-11-2025
3689,120,616.51,Amazon,15-03-2026
3690,95,3437.98,Target,03-02-2026
3691,297,1620.81,Uber,03-12-2025
3692,368,1178.36,Zomato,30-12-2025
3693,133,4877.65,Amazon,29-04-2026
3694,348,4232.41,Walmart,02-08-2025
3695,277,3605.68,Uber,30-10-2025
3696,121,1781.16,Amazon,01-04-2026
3697,260,2246.87,Uber,01-10-2025
3698,40,1223.04,Walmart,19-01-2026
3699,293,1888.23,Zomato,23-06-2025
3700,213,403.4,Target,06-04-2026
3701,449,1451.27,Amazon,31-03-2026
3702,168,3054.49,Walmart,04-02-2026
3703,172,4876.74,Zomato,01-10-2025
3704,192,2379.89,Walmart,22-09-2025
3705,319,204.23,Walmart,21-10-2025
3706,23,1489.82,Flipkart,04-09-2025
3707,467,2976.58,Amazon,02-02-2026
3708,312,1096.82,Walmart,06-01-2026
3709,262,3593.05,Zomato,30-09-2025
3710,261,3928.16,Zomato,08-09-2025
3711,177,4702.7,Target,19-04-2026
3712,426,2934.3,Zomato,19-06-2025
3713,372,792.87,Zomato,14-05-2025
3714,41,4778.14,Flipkart,11-08-2025
3715,290,2542.3,Uber,10-06-2025
3716,323,2763.75,Target,10-11-2025
3717,276,3678.58,Uber,04-01-2026
3718,409,304.59,Target,23-09-2025
3719,338,2646.02,Target,03-05-2026
3720,163,1382.45,Uber,29-12-2025
3721,151,4559.79,Walmart,17-01-2026
3722,125,4005.08,Walmart,18-09-2025
3723,119,2306.31,Zomato,22-08-2025
3724,498,621.31,Flipkart,23-11-2025
3725,228,3677.35,Target,02-01-2026
3726,186,444.47,Uber,23-12-2025
3727,259,428.4,Walmart,05-12-2025
3728,335,2446.56,Flipkart,02-11-2025
3729,230,3942.21,Flipkart,25-02-2026
3730,292,4147.71,Flipkart,01-10-2025
3731,474,2711.2,Target,08-11-2025
3732,346,2944.54,Flipkart,28-03-2026
3733,311,1338.38,Walmart,16-11-2025
3734,175,1603.53,Amazon,21-05-2025
3735,210,2134.06,Flipkart,25-08-2025
3736,295,2496.29,Flipkart,11-03-2026
3737,461,940.58,Target,12-05-2025
3738,8,875.52,Target,06-12-2025
3739,135,3839.27,Zomato,09-06-2025
3740,477,2375.81,Amazon,23-04-2026
3741,65,4353.82,Target,25-01-2026
3742,13,3465.73,Amazon,10-01-2026
3743,68,2598.74,Uber,03-09-2025
3744,471,1971.16,Target,25-04-2026
3745,182,680.89,Zomato,19-11-2025
3746,286,1245.1,Walmart,09-06-2025
3747,61,1717.2,Walmart,26-03-2026
3748,303,3063.35,Amazon,08-02-2026
3749,370,273.93,Zomato,23-05-2025
3750,472,1807.04,Target,08-12-2025
3751,467,2073.93,Target,27-03-2026
3752,380,4182.28,Walmart,11-07-2025
3753,388,2411.67,Flipkart,16-01-2026
3754,376,958.08,Uber,17-12-2025
3755,470,4109.53,Uber,27-04-2026
3756,43,803.67,Amazon,30-10-2025
3757,304,2985.59,Zomato,28-05-2025
3758,333,2294.96,Walmart,27-10-2025
3759,225,924.78,Zomato,05-09-2025
3760,302,1432.53,Amazon,04-10-2025
3761,119,1521.88,Walmart,05-12-2025
3762,25,2842.45,Uber,05-08-2025
3763,297,2565.73,Target,15-03-2026
3764,147,1647.86,Walmart,01-08-2025
3765,388,933.16,Flipkart,06-01-2026
3766,22,4079.24,Zomato,17-04-2026
3767,452,4946.57,Flipkart,25-07-2025
3768,221,2619.72,Uber,12-12-2025
3769,451,3096.61,Amazon,02-03-2026
3770,178,1459.72,Amazon,17-02-2026
3771,148,1405.55,Target,20-11-2025
3772,115,4432.48,Walmart,06-12-2025
3773,481,4592.58,Uber,14-09-2025
3774,386,575.29,Flipkart,25-12-2025
3775,342,1429.21,Amazon,15-06-2025
3776,106,2783.21,Uber,13-02-2026
3777,387,885.82,Uber,10-08-2025
3778,463,246.74,Uber,18-06-2025
3779,276,4005.01,Amazon,31-10-2025
3780,251,4170.9,Amazon,11-10-2025
3781,190,1055.55,Uber,16-04-2026
3782,219,3673.84,Uber,21-12-2025
3783,65,4163.64,Walmart,17-05-2025
3784,471,592.59,Zomato,26-01-2026
3785,471,4231.48,Target,02-03-2026
3786,456,2189.72,Walmart,26-12-2025
3787,45,4329.29,Walmart,05-05-2026
3788,375,3360.14,Walmart,28-03-2026
3789,412,441.38,Flipkart,15-03-2026
3790,373,418.03,Flipkart,05-04-2026
3791,260,1709.92,Target,15-05-2025
3792,323,3690.83,Zomato,29-04-2026
3793,398,416.74,Zomato,07-04-2026
3794,162,4466.75,Amazon,15-10-2025
3795,222,547.17,Zomato,19-07-2025
3796,407,2630.42,Flipkart,15-04-2026
3797,431,2812.94,Zomato,29-10-2025
3798,19,4748.45,Zomato,27-11-2025
3799,5,1267.27,Uber,10-02-2026
3800,193,4366.97,Flipkart,13-01-2026
3801,345,1018.61,Target,28-03-2026
3802,78,2448.31,Flipkart,23-01-2026
3803,376,2508.8,Flipkart,04-06-2025
3804,102,3192.12,Amazon,30-09-2025
3805,487,2605.72,Zomato,26-08-2025
3806,384,1110.24,Target,22-02-2026
3807,35,2478.92,Uber,04-11-2025
3808,107,3564.45,Amazon,20-01-2026
3809,215,3455.51,Uber,14-08-2025
3810,195,3173.58,Flipkart,16-12-2025
3811,327,1776.08,Uber,16-09-2025
3812,337,4773.96,Walmart,19-08-2025
3813,431,1197.87,Walmart,01-12-2025
3814,343,2451.05,Zomato,24-09-2025
3815,201,3009.32,Uber,27-03-2026
3816,247,1512.32,Flipkart,17-07-2025
3817,58,4816.45,Walmart,13-03-2026
3818,215,4848.34,Walmart,03-10-2025
3819,127,3328.97,Amazon,13-10-2025
3820,91,2350.44,Walmart,07-01-2026
3821,339,612,Zomato,14-09-2025
3822,204,3538.85,Target,08-11-2025
3823,431,4033.37,Target,05-04-2026
3824,308,2089.41,Flipkart,17-10-2025
3825,15,1490.1,Uber,17-03-2026
3826,111,4454.56,Target,03-07-2025
3827,32,2833.17,Walmart,27-04-2026
3828,134,3391.2,Target,18-02-2026
3829,201,4054.7,Target,26-07-2025
3830,205,1340.46,Amazon,22-09-2025
3831,138,2453.25,Flipkart,25-08-2025
3832,174,3199.52,Amazon,09-12-2025
3833,158,2265.8,Flipkart,27-05-2025
3834,294,4384.33,Uber,15-01-2026
3835,106,3908.78,Amazon,10-08-2025
3836,486,4842.87,Uber,03-09-2025
3837,169,689.62,Uber,11-06-2025
3838,11,4753.88,Amazon,08-09-2025
3839,411,1926.98,Zomato,08-11-2025
3840,171,4565.53,Uber,10-04-2026
3841,33,3291.91,Uber,22-07-2025
3842,108,1842.38,Flipkart,18-04-2026
3843,81,4198.84,Target,19-11-2025
3844,441,3603.21,Walmart,02-06-2025
3845,411,848.95,Walmart,21-10-2025
3846,170,2096.31,Uber,03-10-2025
3847,376,1281.08,Amazon,03-01-2026
3848,19,4235.14,Uber,17-05-2025
3849,53,2532.42,Target,24-03-2026
3850,22,826.88,Walmart,27-12-2025
3851,13,1188.53,Zomato,24-04-2026
3852,127,217.2,Zomato,08-09-2025
3853,64,4074.33,Target,24-06-2025
3854,336,2033.72,Zomato,26-08-2025
3855,449,1386.49,Amazon,26-12-2025
3856,40,415.76,Zomato,10-04-2026
3857,361,3823.81,Target,22-08-2025
3858,11,122.97,Uber,07-07-2025
3859,310,4598.92,Amazon,19-08-2025
3860,377,2961.57,Target,07-08-2025
3861,100,4165.78,Walmart,08-12-2025
3862,402,1652.45,Uber,08-07-2025
3863,381,165.99,Walmart,31-05-2025
3864,235,1053.2,Walmart,11-06-2025
3865,497,3297.45,Target,07-12-2025
3866,193,1491.63,Amazon,11-03-2026
3867,114,4836.09,Uber,16-08-2025
3868,143,2442.58,Zomato,05-10-2025
3869,274,2557.64,Target,01-10-2025
3870,9,4966.11,Zomato,09-08-2025
3871,202,4759.71,Uber,01-04-2026
3872,366,586.11,Flipkart,23-05-2025
3873,296,4877.19,Target,07-06-2025
3874,395,1198.97,Walmart,03-05-2026
3875,245,2837.61,Zomato,26-07-2025
3876,160,1695.56,Zomato,03-12-2025
3877,500,463.99,Uber,03-04-2026
3878,87,1078.03,Target,28-07-2025
3879,304,1287.35,Flipkart,08-05-2025
3880,207,3101.62,Target,07-05-2025
3881,268,3629.01,Uber,10-06-2025
3882,390,1200.53,Target,05-11-2025
3883,130,2088.7,Zomato,07-12-2025
3884,173,4179.9,Amazon,19-11-2025
3885,165,3460.54,Uber,06-12-2025
3886,209,4363.57,Walmart,18-09-2025
3887,354,1085.66,Uber,28-09-2025
3888,407,2469.2,Target,13-06-2025
3889,161,4799.4,Flipkart,19-05-2025
3890,165,2333.79,Target,09-06-2025
3891,264,2796.3,Zomato,30-04-2026
3892,376,453.1,Amazon,14-10-2025
3893,218,3511.32,Target,06-12-2025
3894,66,3796.59,Flipkart,17-08-2025
3895,267,3753.34,Flipkart,14-02-2026
3896,102,2216.13,Amazon,29-06-2025
3897,20,4433.24,Target,19-10-2025
3898,88,3149.52,Uber,28-03-2026
3899,250,742.33,Uber,14-10-2025
3900,215,2027.06,Walmart,14-12-2025
3901,61,2205.62,Walmart,20-12-2025
3902,369,4613.75,Zomato,06-04-2026
3903,139,2636.28,Uber,27-07-2025
3904,456,1889.58,Zomato,17-06-2025
3905,85,750.51,Uber,23-06-2025
3906,351,1062.09,Uber,18-04-2026
3907,488,3586.65,Uber,02-02-2026
3908,310,1293.63,Target,30-11-2025
3909,108,4684.2,Zomato,06-01-2026
3910,369,4981.12,Flipkart,24-02-2026
3911,85,2645.67,Target,07-07-2025
3912,6,1622.56,Flipkart,06-04-2026
3913,77,2378.94,Amazon,07-11-2025
3914,160,3522.25,Flipkart,18-11-2025
3915,356,514.55,Target,03-07-2025
3916,170,518.84,Uber,20-11-2025
3917,240,2992.55,Amazon,22-08-2025
3918,180,3199.9,Flipkart,22-05-2025
3919,177,3162.67,Flipkart,05-02-2026
3920,141,1456.73,Target,01-12-2025
3921,300,3660.15,Walmart,27-11-2025
3922,320,3846.59,Walmart,31-05-2025
3923,288,2728.03,Zomato,16-12-2025
3924,104,433.51,Flipkart,28-02-2026
3925,53,3666.76,Walmart,18-12-2025
3926,92,1351.54,Amazon,27-05-2025
3927,65,3994.58,Uber,08-07-2025
3928,331,3841.97,Walmart,04-03-2026
3929,295,3871.29,Uber,23-03-2026
3930,310,1422.33,Zomato,22-04-2026
3931,447,3098.64,Target,15-09-2025
3932,108,882.09,Flipkart,06-07-2025
3933,111,502.12,Uber,05-05-2026
3934,76,759.5,Target,04-06-2025
3935,448,51.22,Amazon,04-07-2025
3936,459,4850.72,Flipkart,05-06-2025
3937,262,4045.81,Target,04-05-2026
3938,341,2384.86,Walmart,18-08-2025
3939,257,3812.04,Flipkart,17-11-2025
3940,287,1996.57,Target,07-04-2026
3941,362,2398.67,Walmart,23-05-2025
3942,430,2633.83,Uber,09-01-2026
3943,41,4422.26,Flipkart,02-05-2026
3944,490,872.28,Zomato,22-09-2025
3945,427,1424.8,Flipkart,13-09-2025
3946,431,2214.35,Target,31-10-2025
3947,251,3490.74,Walmart,18-07-2025
3948,351,645.19,Target,12-10-2025
3949,334,1773.49,Amazon,17-06-2025
3950,444,1860.15,Target,07-11-2025
3951,395,3366.69,Zomato,19-06-2025
3952,218,1108.21,Uber,24-05-2025
3953,449,4989.61,Flipkart,15-06-2025
3954,196,1902.32,Zomato,18-12-2025
3955,6,1019.39,Walmart,24-02-2026
3956,270,1014.7,Uber,07-10-2025
3957,159,1675.84,Walmart,02-12-2025
3958,469,1306.11,Amazon,27-10-2025
3959,311,1401.49,Zomato,01-01-2026
3960,141,3226.29,Target,19-12-2025
3961,23,4978.9,Zomato,07-08-2025
3962,130,1407.16,Amazon,13-06-2025
3963,498,2882.3,Amazon,09-01-2026
3964,442,3604.25,Target,09-02-2026
3965,312,3179.59,Target,13-05-2025
3966,89,2393.57,Zomato,18-11-2025
3967,385,2750.66,Amazon,08-08-2025
3968,20,1879.19,Uber,07-06-2025
3969,458,3580.89,Zomato,14-05-2025
3970,377,925.69,Flipkart,03-12-2025
3971,43,2126.88,Amazon,14-04-2026
3972,29,2244.72,Zomato,30-06-2025
3973,32,1605.47,Uber,20-06-2025
3974,143,4917.85,Flipkart,25-04-2026
3975,336,3089.32,Amazon,02-09-2025
3976,171,4194.5,Walmart,13-03-2026
3977,460,3561.08,Uber,23-10-2025
3978,370,4724.29,Uber,03-05-2026
3979,8,4705.7,Target,17-09-2025
3980,214,4196.7,Zomato,26-12-2025
3981,32,371.53,Uber,21-08-2025
3982,76,3658.34,Amazon,28-01-2026
3983,89,2244.82,Walmart,12-05-2025
3984,312,1033.48,Uber,29-07-2025
3985,210,906.19,Zomato,08-01-2026
3986,432,4197.41,Amazon,10-11-2025
3987,160,1405.13,Walmart,19-05-2025
3988,61,1740.19,Uber,10-02-2026
3989,429,3496.65,Uber,23-03-2026
3990,477,2341.88,Amazon,28-03-2026
3991,471,498.28,Zomato,03-01-2026
3992,45,969.01,Uber,01-01-2026
3993,321,4830.54,Flipkart,13-07-2025
3994,404,101.67,Zomato,27-03-2026
3995,192,2328.73,Zomato,15-12-2025
3996,483,1271.32,Zomato,29-11-2025
3997,329,4716.15,Flipkart,05-12-2025
3998,383,3791.37,Flipkart,21-09-2025
3999,159,314.01,Zomato,31-10-2025
4000,147,931.12,Flipkart,15-04-2026
4001,290,1611.93,Flipkart,05-10-2025
4002,428,981.81,Flipkart,25-06-2025
4003,91,4897.43,Walmart,29-07-2025
4004,358,2226.01,Amazon,25-04-2026
4005,251,1808.01,Walmart,30-05-2025
4006,179,3873.23,Uber,11-03-2026
4007,231,4156.03,Zomato,07-05-2026
4008,426,893.85,Uber,09-03-2026
4009,198,820.74,Uber,30-09-2025
4010,108,4969.09,Target,30-01-2026
4011,178,3247.74,Zomato,11-03-2026
4012,408,1479.01,Walmart,04-11-2025
4013,359,4844.03,Uber,28-05-2025
4014,425,3728.5,Walmart,16-04-2026
4015,47,2590.7,Flipkart,08-11-2025
4016,133,1130.36,Walmart,23-12-2025
4017,17,4613.5,Uber,24-01-2026
4018,338,3174.01,Target,17-02-2026
4019,72,2362.87,Walmart,18-02-2026
4020,191,2840.66,Zomato,17-07-2025
4021,302,4511.31,Walmart,04-10-2025
4022,360,567.83,Walmart,14-04-2026
4023,446,4510.07,Flipkart,07-04-2026
4024,216,2403.7,Walmart,30-08-2025
4025,332,4519.75,Flipkart,17-12-2025
4026,468,1822.12,Flipkart,03-04-2026
4027,240,2756.55,Amazon,29-09-2025
4028,225,4055.65,Target,09-11-2025
4029,304,2901.03,Target,13-06-2025
4030,375,2026.7,Flipkart,10-09-2025
4031,130,3630.69,Uber,09-09-2025
4032,173,2438.66,Target,10-12-2025
4033,154,248.64,Flipkart,18-05-2025
4034,391,4677.03,Uber,02-11-2025
4035,56,2133.88,Walmart,14-01-2026
4036,489,2908.57,Uber,14-07-2025
4037,15,861.93,Flipkart,17-01-2026
4038,473,1537.88,Uber,26-06-2025
4039,495,3503.28,Uber,29-05-2025
4040,102,4759.89,Uber,25-12-2025
4041,385,740.77,Zomato,24-07-2025
4042,171,3953.42,Amazon,13-01-2026
4043,497,497.47,Flipkart,03-09-2025
4044,411,1763.21,Target,08-01-2026
4045,85,2329.91,Zomato,13-06-2025
4046,76,1042.01,Flipkart,27-03-2026
4047,155,1572.26,Flipkart,16-10-2025
4048,121,4295.92,Target,27-06-2025
4049,47,3634.47,Flipkart,13-02-2026
4050,351,2798.97,Walmart,30-05-2025
4051,3,2412.85,Walmart,13-09-2025
4052,52,2380.46,Zomato,06-03-2026
4053,202,3508.96,Target,21-03-2026
4054,343,1912.64,Target,01-03-2026
4055,362,1251.57,Amazon,06-07-2025
4056,199,686.09,Flipkart,26-09-2025
4057,205,3877.64,Walmart,15-07-2025
4058,420,3390.01,Target,01-10-2025
4059,306,1999.56,Amazon,30-11-2025
4060,178,2467.13,Zomato,21-12-2025
4061,497,2952.82,Flipkart,02-05-2026
4062,454,3062.19,Flipkart,02-01-2026
4063,189,1843.29,Uber,26-10-2025
4064,422,57.88,Uber,08-04-2026
4065,385,2020.99,Amazon,10-11-2025
4066,331,1188.86,Target,04-06-2025
4067,97,269.03,Walmart,16-09-2025
4068,223,509.61,Target,25-05-2025
4069,335,940.38,Flipkart,15-11-2025
4070,146,1589.91,Zomato,23-11-2025
4071,421,2429.23,Walmart,15-12-2025
4072,491,4777.33,Flipkart,04-11-2025
4073,84,2021.17,Uber,08-10-2025
4074,428,576.83,Amazon,27-03-2026
4075,178,3446.02,Amazon,26-06-2025
4076,336,4319.21,Amazon,06-05-2026
4077,83,1629.18,Uber,03-02-2026
4078,260,1950.75,Target,04-12-2025
4079,6,2456.39,Zomato,09-05-2025
4080,206,2141.16,Amazon,12-07-2025
4081,156,2153.66,Zomato,24-04-2026
4082,325,623.99,Target,05-11-2025
4083,258,1895.49,Target,01-05-2026
4084,365,1708.56,Uber,21-08-2025
4085,498,1856.07,Flipkart,10-07-2025
4086,218,2681.97,Target,27-03-2026
4087,446,3389.86,Flipkart,14-01-2026
4088,4,1718.72,Zomato,24-02-2026
4089,303,1326.29,Uber,07-05-2026
4090,417,3091.87,Target,13-12-2025
4091,223,290.29,Walmart,10-10-2025
4092,21,651.68,Target,08-06-2025
4093,236,1867.17,Uber,12-01-2026
4094,352,1878.02,Target,15-09-2025
4095,173,3391.23,Amazon,31-08-2025
4096,278,1372.82,Walmart,21-12-2025
4097,183,2114.45,Target,19-10-2025
4098,167,1523.53,Amazon,08-01-2026
4099,306,602.83,Zomato,30-03-2026
4100,19,2679.78,Target,22-05-2025
4101,128,917.41,Uber,12-03-2026
4102,49,673.97,Flipkart,01-01-2026
4103,325,2492.58,Walmart,14-05-2025
4104,177,4860.67,Zomato,11-08-2025
4105,317,1258.3,Zomato,20-02-2026
4106,421,2641.62,Target,05-08-2025
4107,21,428.85,Walmart,14-08-2025
4108,20,776.41,Zomato,23-03-2026
4109,327,4071.76,Amazon,12-08-2025
4110,196,2587.53,Zomato,16-05-2025
4111,41,1721.98,Zomato,24-06-2025
4112,384,1544.83,Target,04-03-2026
4113,12,960.46,Zomato,12-05-2025
4114,132,3621.89,Zomato,22-09-2025
4115,453,442.45,Target,26-02-2026
4116,495,626.31,Flipkart,26-02-2026
4117,293,1341.83,Walmart,05-04-2026
4118,316,2594.5,Flipkart,03-09-2025
4119,356,4004.82,Walmart,10-05-2025
4120,294,2390.95,Target,06-12-2025
4121,141,3747.01,Flipkart,22-06-2025
4122,142,2532.74,Amazon,18-11-2025
4123,310,2023.42,Flipkart,03-06-2025
4124,348,1460.32,Amazon,21-08-2025
4125,209,1075.32,Target,23-04-2026
4126,337,692.35,Walmart,05-06-2025
4127,237,3015.44,Zomato,21-01-2026
4128,163,530.88,Flipkart,30-10-2025
4129,10,3559.59,Flipkart,19-04-2026
4130,33,3076.36,Zomato,15-09-2025
4131,365,3066.11,Target,29-01-2026
4132,302,2132.79,Uber,16-10-2025
4133,169,2730.22,Target,29-04-2026
4134,477,2810.4,Walmart,07-02-2026
4135,175,1632.23,Target,18-03-2026
4136,78,2336.64,Zomato,21-06-2025
4137,256,1092.66,Zomato,25-08-2025
4138,88,3381.28,Walmart,27-09-2025
4139,207,209.72,Uber,14-11-2025
4140,496,439.11,Target,16-05-2025
4141,288,4925.49,Amazon,02-01-2026
4142,107,3752.65,Uber,19-01-2026
4143,190,1554.96,Walmart,27-08-2025
4144,232,3388.78,Amazon,26-06-2025
4145,80,3143.07,Flipkart,16-08-2025
4146,320,1790.55,Target,04-06-2025
4147,213,4979.34,Amazon,14-09-2025
4148,385,4868.12,Uber,04-01-2026
4149,381,2479.25,Flipkart,28-01-2026
4150,193,4609.82,Flipkart,24-09-2025
4151,194,3055.25,Amazon,13-10-2025
4152,50,2008.96,Flipkart,12-10-2025
4153,57,2875.19,Flipkart,12-05-2025
4154,443,837.63,Zomato,20-12-2025
4155,206,2772.85,Walmart,23-01-2026
4156,385,1127.88,Uber,27-07-2025
4157,143,1631.05,Walmart,09-06-2025
4158,323,572.91,Zomato,08-06-2025
4159,492,3183.96,Zomato,17-02-2026
4160,163,2536.41,Uber,18-01-2026
4161,201,1164.24,Target,04-06-2025
4162,254,3796.3,Walmart,04-02-2026
4163,423,4626.52,Flipkart,19-10-2025
4164,474,4373.04,Target,12-07-2025
4165,148,66.52,Walmart,01-04-2026
4166,391,2346.91,Flipkart,29-12-2025
4167,350,4541.04,Target,10-01-2026
4168,298,3282.87,Target,08-01-2026
4169,211,984.93,Amazon,24-05-2025
4170,317,1159.75,Uber,01-07-2025
4171,318,2541.64,Amazon,25-02-2026
4172,307,2874.39,Target,02-07-2025
4173,485,163.03,Uber,27-11-2025
4174,128,873.97,Zomato,10-08-2025
4175,242,3437.6,Walmart,12-06-2025
4176,12,3727.68,Zomato,23-06-2025
4177,200,2782.68,Flipkart,02-06-2025
4178,436,4570.37,Target,27-03-2026
4179,189,3629.15,Flipkart,15-03-2026
4180,90,2387.24,Zomato,24-11-2025
4181,472,1038.94,Flipkart,06-09-2025
4182,151,370.82,Amazon,26-04-2026
4183,106,2909.13,Target,08-02-2026
4184,126,3434.17,Target,16-09-2025
4185,124,3993.93,Target,15-09-2025
4186,257,3224.83,Uber,10-07-2025
4187,429,1689.73,Flipkart,24-11-2025
4188,126,2337.95,Amazon,29-11-2025
4189,4,3755.61,Zomato,21-05-2025
4190,347,2061.42,Uber,29-09-2025
4191,241,4317.74,Amazon,11-09-2025
4192,401,2114.59,Walmart,25-12-2025
4193,453,3594.08,Amazon,28-05-2025
4194,367,3894.15,Zomato,13-05-2025
4195,274,3588.08,Target,26-09-2025
4196,247,4147.38,Amazon,26-04-2026
4197,150,4067.73,Zomato,07-02-2026
4198,394,247.54,Target,10-07-2025
4199,367,4640.58,Zomato,10-05-2025
4200,333,2228.23,Amazon,13-10-2025
4201,54,772.62,Walmart,17-07-2025
4202,389,4134.88,Amazon,01-11-2025
4203,370,886.32,Target,01-12-2025
4204,337,1732.18,Flipkart,12-01-2026
4205,408,2438.83,Walmart,07-10-2025
4206,50,1683.63,Zomato,08-01-2026
4207,38,2318.3,Zomato,01-12-2025
4208,252,3774.89,Walmart,08-06-2025
4209,176,1511.7,Target,08-04-2026
4210,170,3947.5,Zomato,30-05-2025
4211,133,2862.74,Uber,07-12-2025
4212,19,3818.55,Flipkart,25-09-2025
4213,268,1477.73,Flipkart,30-01-2026
4214,451,1885.71,Walmart,04-08-2025
4215,366,1491.53,Zomato,16-04-2026
4216,82,2859.82,Walmart,03-11-2025
4217,244,3579.74,Zomato,14-12-2025
4218,151,814.48,Zomato,15-01-2026
4219,66,775.3,Walmart,14-11-2025
4220,440,1951.92,Zomato,04-08-2025
4221,117,188.62,Flipkart,25-01-2026
4222,299,1549.64,Uber,01-02-2026
4223,7,1334.13,Zomato,27-09-2025
4224,261,3740.01,Uber,26-03-2026
4225,208,2411.02,Flipkart,20-12-2025
4226,498,1753.86,Flipkart,28-04-2026
4227,301,4270.42,Walmart,11-06-2025
4228,268,1903.09,Target,24-08-2025
4229,332,887.15,Uber,15-03-2026
4230,247,918.17,Target,27-07-2025
4231,8,3360.29,Amazon,05-03-2026
4232,176,1162.88,Flipkart,03-01-2026
4233,115,792.94,Uber,23-02-2026
4234,399,3657.37,Amazon,28-11-2025
4235,333,1024.86,Target,01-12-2025
4236,236,2868.57,Zomato,14-06-2025
4237,465,110.39,Zomato,22-09-2025
4238,434,4103.54,Uber,04-07-2025
4239,460,1180.44,Flipkart,27-08-2025
4240,187,3338.01,Target,26-09-2025
4241,321,539.26,Walmart,05-11-2025
4242,260,382.63,Uber,16-10-2025
4243,493,2697.03,Zomato,01-09-2025
4244,276,4369.45,Amazon,07-10-2025
4245,229,2855.18,Flipkart,05-09-2025
4246,126,1317.56,Zomato,15-09-2025
4247,94,3464.01,Zomato,02-03-2026
4248,440,1263.18,Zomato,12-06-2025
4249,368,2307.53,Amazon,25-04-2026
4250,312,1365.53,Walmart,15-12-2025
4251,47,3728.4,Zomato,22-01-2026
4252,426,4591.46,Flipkart,19-01-2026
4253,268,1548.67,Flipkart,20-09-2025
4254,117,1257.51,Uber,18-05-2025
4255,245,2348.14,Uber,30-08-2025
4256,452,3917.99,Walmart,28-06-2025
4257,405,3187.83,Flipkart,27-04-2026
4258,245,626.21,Amazon,24-06-2025
4259,244,1027.11,Uber,07-06-2025
4260,302,1114.22,Target,22-04-2026
4261,154,2868.18,Uber,17-11-2025
4262,221,4312.64,Amazon,23-09-2025
4263,369,4438.26,Zomato,08-07-2025
4264,100,2965.24,Zomato,26-09-2025
4265,315,3789.94,Amazon,24-12-2025
4266,129,3785.07,Uber,04-05-2026
4267,139,2488.4,Flipkart,21-10-2025
4268,169,2561.1,Uber,09-08-2025
4269,146,4759.61,Walmart,13-09-2025
4270,136,4342.94,Flipkart,03-03-2026
4271,175,1412.68,Uber,12-05-2025
4272,258,1578.58,Target,15-09-2025
4273,58,4887.28,Flipkart,23-12-2025
4274,250,82.26,Uber,19-01-2026
4275,241,2504.15,Flipkart,09-10-2025
4276,34,3814.17,Zomato,19-03-2026
4277,156,518.11,Target,02-09-2025
4278,176,3207.52,Uber,01-11-2025
4279,422,954.15,Amazon,20-08-2025
4280,391,1197.42,Walmart,11-05-2025
4281,257,1561.65,Uber,01-06-2025
4282,242,559.44,Walmart,04-08-2025
4283,475,3067.16,Uber,16-09-2025
4284,345,815.26,Flipkart,14-01-2026
4285,99,3843.67,Flipkart,19-02-2026
4286,437,831.82,Zomato,29-10-2025
4287,81,1662.12,Uber,30-10-2025
4288,243,3284.78,Target,23-02-2026
4289,400,3646.02,Flipkart,21-11-2025
4290,478,1351.13,Walmart,07-01-2026
4291,190,767.68,Walmart,25-07-2025
4292,373,1801.97,Zomato,01-06-2025
4293,162,2276.05,Target,02-07-2025
4294,289,1998.03,Target,26-05-2025
4295,3,3823,Target,15-09-2025
4296,29,4844.97,Walmart,05-02-2026
4297,331,4036.59,Target,14-04-2026
4298,393,1407.33,Zomato,23-08-2025
4299,104,1082.61,Zomato,01-04-2026
4300,132,1509.24,Walmart,16-12-2025
4301,13,1643.14,Target,05-05-2026
4302,167,2812.44,Zomato,15-09-2025
4303,103,3997.5,Uber,22-12-2025
4304,258,2228.51,Walmart,22-05-2025
4305,55,418.41,Flipkart,19-03-2026
4306,167,3628.1,Zomato,12-01-2026
4307,304,2375.87,Amazon,14-08-2025
4308,400,3314.12,Zomato,10-03-2026
4309,492,4548.99,Target,17-06-2025
4310,128,1436.71,Uber,23-12-2025
4311,301,1906.34,Amazon,24-04-2026
4312,29,3216.16,Walmart,03-02-2026
4313,276,1878.77,Walmart,12-06-2025
4314,57,2385.61,Zomato,29-07-2025
4315,38,1656.5,Zomato,09-03-2026
4316,212,4130.34,Flipkart,10-08-2025
4317,302,1529.34,Flipkart,30-07-2025
4318,288,485.63,Flipkart,12-08-2025
4319,168,2885.03,Zomato,24-12-2025
4320,134,2805.54,Walmart,30-04-2026
4321,354,158.17,Amazon,09-05-2025
4322,446,3940.21,Zomato,01-10-2025
4323,379,1604.11,Walmart,02-12-2025
4324,464,3874.88,Zomato,03-06-2025
4325,453,1113.32,Walmart,01-08-2025
4326,240,1177.03,Walmart,27-05-2025
4327,171,1034.98,Zomato,04-10-2025
4328,133,1314.02,Zomato,09-07-2025
4329,478,164.53,Amazon,12-11-2025
4330,329,2083.36,Target,10-08-2025
4331,413,2457.47,Amazon,14-03-2026
4332,426,2665.57,Uber,08-07-2025
4333,192,130.2,Target,04-08-2025
4334,17,4800.95,Walmart,26-09-2025
4335,405,2717.11,Walmart,28-01-2026
4336,295,1702.08,Amazon,15-08-2025
4337,377,423.99,Amazon,17-08-2025
4338,499,2813.54,Amazon,05-05-2026
4339,273,833.21,Uber,25-11-2025
4340,434,4264.86,Uber,19-08-2025
4341,473,2368.81,Zomato,21-07-2025
4342,98,3771.94,Zomato,14-04-2026
4343,221,4097.89,Target,07-10-2025
4344,232,4452.31,Zomato,23-01-2026
4345,78,3269.7,Amazon,16-04-2026
4346,94,3256.81,Walmart,01-08-2025
4347,233,2662.18,Zomato,20-07-2025
4348,379,4110.03,Target,03-11-2025
4349,456,156.34,Uber,30-05-2025
4350,151,81.45,Target,03-12-2025
4351,10,92.26,Walmart,20-12-2025
4352,219,794.95,Flipkart,08-04-2026
4353,300,3388.96,Walmart,28-11-2025
4354,273,2315.88,Zomato,08-03-2026
4355,103,3861.14,Uber,07-05-2026
4356,474,1805.49,Zomato,08-04-2026
4357,445,2905.44,Flipkart,22-02-2026
4358,396,784,Walmart,09-02-2026
4359,93,549.44,Uber,23-12-2025
4360,309,4725.25,Amazon,10-07-2025
4361,400,680.25,Walmart,26-11-2025
4362,489,392.87,Walmart,26-09-2025
4363,476,1189.01,Flipkart,08-08-2025
4364,104,1549.5,Target,01-12-2025
4365,139,1203.25,Flipkart,10-09-2025
4366,396,1808.96,Flipkart,16-12-2025
4367,450,4499.45,Target,02-07-2025
4368,64,4179.08,Target,08-07-2025
4369,14,2247.56,Zomato,03-03-2026
4370,438,3712.57,Target,18-12-2025
4371,26,2261.72,Target,05-01-2026
4372,102,1067.88,Target,22-11-2025
4373,303,4081.77,Amazon,08-05-2025
4374,497,916.73,Uber,25-03-2026
4375,371,2606.66,Flipkart,07-05-2025
4376,388,1087.71,Target,05-12-2025
4377,380,3044,Zomato,27-07-2025
4378,163,2104.88,Flipkart,13-08-2025
4379,47,4008.97,Walmart,26-09-2025
4380,245,1313.66,Amazon,11-03-2026
4381,484,2311.92,Amazon,14-02-2026
4382,195,4026.89,Target,09-05-2025
4383,493,4294.59,Walmart,11-01-2026
4384,185,4731.37,Amazon,22-06-2025
4385,223,4732.41,Zomato,05-11-2025
4386,154,1185.33,Zomato,19-10-2025
4387,44,3269.64,Target,02-11-2025
4388,449,2383.24,Walmart,22-09-2025
4389,374,3254.43,Walmart,28-09-2025
4390,24,746.64,Flipkart,15-04-2026
4391,91,2844.67,Flipkart,22-09-2025
4392,266,821,Zomato,11-10-2025
4393,241,3823.32,Amazon,12-12-2025
4394,306,4021.78,Zomato,24-05-2025
4395,339,1500.77,Uber,09-05-2025
4396,213,4125.09,Target,07-02-2026
4397,89,914.46,Uber,23-01-2026
4398,495,799.33,Zomato,04-04-2026
4399,93,1857.09,Amazon,27-03-2026
4400,403,853.75,Target,20-03-2026
4401,105,1565.02,Zomato,19-01-2026
4402,192,4549.46,Walmart,06-08-2025
4403,319,1639.31,Amazon,26-08-2025
4404,170,191.06,Target,15-02-2026
4405,18,3688.01,Flipkart,04-03-2026
4406,468,2067.89,Uber,01-08-2025
4407,194,3824.39,Zomato,12-04-2026
4408,269,890.21,Amazon,25-10-2025
4409,8,1775.9,Flipkart,07-05-2025
4410,48,2128.42,Amazon,20-07-2025
4411,58,4845.22,Target,30-01-2026
4412,213,4287.9,Uber,08-10-2025
4413,226,715.31,Uber,30-10-2025
4414,415,3202.43,Walmart,08-09-2025
4415,244,2373.96,Walmart,18-12-2025
4416,66,1648.24,Uber,25-03-2026
4417,188,4786.68,Zomato,02-01-2026
4418,367,527.17,Target,18-05-2025
4419,384,4163.89,Uber,11-10-2025
4420,101,672.87,Uber,30-06-2025
4421,67,4036.97,Flipkart,11-06-2025
4422,116,3313.09,Zomato,22-08-2025
4423,49,3600.48,Walmart,13-01-2026
4424,455,3094.32,Flipkart,20-03-2026
4425,116,1290.82,Zomato,30-10-2025
4426,338,1540.49,Zomato,18-09-2025
4427,499,2337.64,Uber,27-02-2026
4428,267,2608.68,Walmart,10-07-2025
4429,390,4502.68,Walmart,14-06-2025
4430,217,1905.11,Flipkart,07-11-2025
4431,297,3695.23,Amazon,06-03-2026
4432,383,4534.77,Target,29-09-2025
4433,324,287.69,Flipkart,02-08-2025
4434,94,120.89,Zomato,26-10-2025
4435,18,4185.13,Flipkart,27-06-2025
4436,83,2013.98,Amazon,23-07-2025
4437,293,2429.84,Walmart,08-08-2025
4438,97,3162.13,Uber,02-10-2025
4439,208,2287.92,Flipkart,16-06-2025
4440,233,3125.5,Uber,26-02-2026
4441,226,633.2,Walmart,01-06-2025
4442,336,3854.13,Walmart,16-08-2025
4443,173,4983.59,Flipkart,05-11-2025
4444,131,1737.87,Target,21-07-2025
4445,396,2767.06,Zomato,04-04-2026
4446,50,3356.66,Walmart,30-12-2025
4447,391,2619.41,Amazon,09-06-2025
4448,401,1858.84,Zomato,09-04-2026
4449,14,4825.53,Flipkart,27-11-2025
4450,49,1174.27,Target,08-05-2025
4451,425,600.13,Uber,14-08-2025
4452,365,1513.78,Walmart,28-06-2025
4453,158,2290.2,Uber,04-10-2025
4454,482,460.69,Uber,21-06-2025
4455,94,2017.91,Uber,04-04-2026
4456,100,751.46,Zomato,29-01-2026
4457,114,3890.76,Flipkart,26-12-2025
4458,376,3735.75,Uber,26-11-2025
4459,308,3910.69,Uber,12-03-2026
4460,441,2676.28,Amazon,02-05-2026
4461,410,2689.12,Uber,30-08-2025
4462,118,3483.79,Uber,15-11-2025
4463,86,1903.64,Amazon,23-01-2026
4464,349,869.9,Zomato,08-05-2025
4465,440,3110.01,Zomato,08-08-2025
4466,78,2727.07,Uber,28-10-2025
4467,218,4298.56,Walmart,21-07-2025
4468,26,4797.33,Target,30-06-2025
4469,152,1979.37,Uber,20-05-2025
4470,498,2135.26,Target,27-05-2025
4471,240,1643.51,Zomato,05-02-2026
4472,481,1534.97,Amazon,08-02-2026
4473,129,3556.29,Zomato,18-05-2025
4474,160,1083.34,Zomato,20-07-2025
4475,314,2990.23,Amazon,20-05-2025
4476,31,3788.09,Flipkart,08-06-2025
4477,74,2430.61,Flipkart,17-10-2025
4478,392,4861.87,Flipkart,06-04-2026
4479,201,3942.25,Zomato,19-10-2025
4480,215,1985.45,Flipkart,07-07-2025
4481,128,4179.93,Amazon,23-01-2026
4482,116,4818.62,Walmart,24-01-2026
4483,72,4468.56,Amazon,09-08-2025
4484,372,3711.29,Zomato,07-11-2025
4485,78,1068.86,Flipkart,24-04-2026
4486,345,1413.58,Walmart,04-08-2025
4487,6,3201.95,Uber,26-03-2026
4488,160,2644.99,Zomato,21-09-2025
4489,307,2381.99,Zomato,07-01-2026
4490,225,1529.17,Amazon,14-11-2025
4491,278,3727.41,Target,04-08-2025
4492,79,398.49,Zomato,05-06-2025
4493,175,4382.42,Amazon,23-03-2026
4494,196,4197.99,Walmart,21-01-2026
4495,58,3153.15,Target,20-01-2026
4496,300,883.86,Zomato,21-04-2026
4497,355,4334.26,Target,29-09-2025
4498,389,1490.98,Uber,03-09-2025
4499,53,488.44,Zomato,10-05-2025
4500,309,4800.69,Walmart,25-09-2025
4501,124,4353.34,Zomato,20-03-2026
4502,254,4191.71,Target,17-12-2025
4503,216,330.43,Amazon,10-12-2025
4504,443,3861.23,Zomato,16-07-2025
4505,376,1415.53,Walmart,29-05-2025
4506,328,2563.73,Target,28-05-2025
4507,342,4189.67,Walmart,10-12-2025
4508,43,113.98,Zomato,07-03-2026
4509,413,2453.47,Uber,09-01-2026
4510,254,1145.87,Target,08-08-2025
4511,341,1365.48,Zomato,14-12-2025
4512,250,2825.32,Uber,11-03-2026
4513,193,3052.81,Zomato,26-07-2025
4514,196,258.4,Amazon,30-10-2025
4515,303,4199.12,Zomato,15-11-2025
4516,489,537.95,Amazon,05-04-2026
4517,61,4835.31,Flipkart,15-11-2025
4518,185,2921.6,Zomato,19-08-2025
4519,463,3038.84,Target,02-10-2025
4520,368,3734.33,Walmart,04-02-2026
4521,332,3951.27,Target,28-12-2025
4522,294,4323.89,Amazon,01-12-2025
4523,482,2023.53,Zomato,24-02-2026
4524,382,3899.27,Zomato,05-02-2026
4525,465,176.92,Uber,20-01-2026
4526,93,169.51,Walmart,28-08-2025
4527,51,1496.77,Target,10-03-2026
4528,411,190.45,Target,27-08-2025
4529,435,4460.18,Walmart,16-08-2025
4530,420,3430.91,Walmart,08-03-2026
4531,499,4829.66,Walmart,27-01-2026
4532,229,3929.36,Walmart,04-12-2025
4533,235,3510.57,Zomato,07-05-2026
4534,135,3854.63,Flipkart,03-11-2025
4535,108,2814.46,Uber,27-02-2026
4536,332,1643.31,Target,05-01-2026
4537,386,1775.27,Flipkart,30-11-2025
4538,433,2524.19,Amazon,21-05-2025
4539,171,1791.43,Uber,22-12-2025
4540,379,4035.52,Flipkart,15-01-2026
4541,163,4151.98,Amazon,07-08-2025
4542,469,3623.61,Zomato,18-11-2025
4543,208,1598.98,Target,20-12-2025
4544,328,971.65,Target,22-06-2025
4545,104,1360.17,Zomato,13-10-2025
4546,249,1785.44,Target,04-01-2026
4547,459,1839.24,Flipkart,12-12-2025
4548,492,884.29,Amazon,21-10-2025
4549,58,989.46,Walmart,24-05-2025
4550,466,2555.29,Zomato,24-02-2026
4551,287,1516.21,Uber,20-07-2025
4552,276,930.65,Uber,24-05-2025
4553,357,425.88,Amazon,11-12-2025
4554,47,3572.74,Zomato,28-10-2025
4555,208,4268.43,Flipkart,19-12-2025
4556,367,1733.81,Walmart,27-08-2025
4557,204,708.51,Target,21-05-2025
4558,54,4232.8,Zomato,10-09-2025
4559,418,4388.5,Walmart,05-08-2025
4560,315,2872.03,Amazon,17-10-2025
4561,166,4997.22,Target,24-05-2025
4562,423,251.83,Uber,18-11-2025
4563,80,3354.23,Walmart,12-04-2026
4564,14,2497.74,Zomato,20-01-2026
4565,113,1264.49,Flipkart,24-11-2025
4566,226,3257.08,Flipkart,03-02-2026
4567,75,111.47,Flipkart,26-07-2025
4568,494,152.83,Uber,21-03-2026
4569,248,4197.76,Target,15-02-2026
4570,285,2778.57,Uber,10-02-2026
4571,99,2091,Uber,21-08-2025
4572,298,2028.1,Uber,21-08-2025
4573,455,4516.6,Target,15-12-2025
4574,383,1344.39,Walmart,10-03-2026
4575,412,4018.54,Target,07-09-2025
4576,190,1854.35,Flipkart,06-11-2025
4577,164,2724.83,Amazon,21-04-2026
4578,491,3481.34,Walmart,11-02-2026
4579,441,4145.87,Zomato,07-10-2025
4580,127,3988.01,Uber,10-05-2025
4581,66,528.28,Uber,16-04-2026
4582,363,2404.9,Walmart,14-09-2025
4583,54,4045.91,Uber,17-06-2025
4584,117,3614.53,Zomato,02-02-2026
4585,360,3242.58,Uber,06-07-2025
4586,421,4926.13,Target,05-08-2025
4587,138,2892.58,Amazon,12-03-2026
4588,236,3113.09,Target,06-02-2026
4589,303,2209.11,Flipkart,02-09-2025
4590,12,2821.8,Uber,30-03-2026
4591,333,334.85,Walmart,09-04-2026
4592,245,4344.51,Flipkart,16-05-2025
4593,33,3425.93,Amazon,05-08-2025
4594,489,3608.4,Uber,27-04-2026
4595,130,4739.39,Zomato,31-05-2025
4596,15,3582.38,Target,13-01-2026
4597,221,3535.88,Flipkart,22-12-2025
4598,203,1115.26,Target,26-03-2026
4599,159,2715.06,Zomato,13-01-2026
4600,156,1686.14,Uber,25-02-2026
4601,409,4386.05,Target,19-04-2026
4602,74,3843.19,Zomato,27-04-2026
4603,301,1606.57,Amazon,12-02-2026
4604,498,3067.49,Zomato,05-05-2026
4605,387,1823.83,Amazon,22-09-2025
4606,397,4887.9,Uber,17-11-2025
4607,33,2672.37,Zomato,18-02-2026
4608,83,3676.15,Flipkart,03-02-2026
4609,308,3879.98,Flipkart,07-09-2025
4610,428,947.13,Zomato,23-07-2025
4611,476,2500.13,Amazon,23-04-2026
4612,170,491.07,Target,06-06-2025
4613,294,3519.6,Zomato,23-11-2025
4614,199,4034.32,Target,16-02-2026
4615,357,2398.32,Walmart,30-10-2025
4616,94,524.52,Walmart,03-09-2025
4617,91,3550.95,Walmart,07-05-2026
4618,256,499.14,Walmart,29-10-2025
4619,206,1043.01,Walmart,05-07-2025
4620,332,3183.39,Walmart,06-02-2026
4621,232,3771.49,Uber,07-11-2025
4622,132,150.98,Uber,28-02-2026
4623,32,4910.95,Amazon,27-07-2025
4624,350,1897.08,Flipkart,25-06-2025
4625,1,4819.82,Uber,25-05-2025
4626,7,73.07,Target,20-02-2026
4627,157,186.89,Uber,01-09-2025
4628,289,1905.44,Amazon,18-07-2025
4629,490,903.35,Zomato,10-12-2025
4630,318,2516.1,Uber,25-05-2025
4631,112,4880.08,Amazon,11-07-2025
4632,447,3431.75,Flipkart,20-11-2025
4633,308,1902.13,Flipkart,31-03-2026
4634,457,2231.45,Flipkart,21-11-2025
4635,260,786.81,Target,08-09-2025
4636,16,3129.31,Uber,03-04-2026
4637,455,4792.26,Amazon,14-04-2026
4638,414,4674.53,Walmart,29-11-2025
4639,56,1777.82,Flipkart,18-03-2026
4640,303,2616.52,Amazon,19-08-2025
4641,255,1006.14,Flipkart,12-12-2025
4642,314,4604,Target,14-06-2025
4643,476,3309.52,Target,13-11-2025
4644,402,2267.28,Amazon,25-08-2025
4645,343,2794.59,Walmart,25-04-2026
4646,127,1860.18,Flipkart,02-06-2025
4647,492,4097.05,Flipkart,02-06-2025
4648,407,2051.21,Walmart,25-10-2025
4649,31,4587.22,Target,14-10-2025
4650,416,4225.83,Zomato,05-03-2026
4651,363,3785.33,Uber,18-12-2025
4652,51,4246.48,Amazon,21-09-2025
4653,340,3291.28,Uber,31-07-2025
4654,289,2896.68,Uber,29-07-2025
4655,268,2001.22,Uber,09-07-2025
4656,330,1044.61,Walmart,14-11-2025
4657,70,2267.13,Flipkart,04-02-2026
4658,150,4724.02,Target,17-12-2025
4659,207,2203.94,Amazon,01-10-2025
4660,252,167.98,Amazon,19-01-2026
4661,165,2828.2,Uber,31-10-2025
4662,200,1564.19,Walmart,09-08-2025
4663,395,3436.06,Amazon,16-01-2026
4664,271,4164.72,Flipkart,07-08-2025
4665,485,491.48,Uber,03-03-2026
4666,383,4506.37,Uber,09-12-2025
4667,89,3222.62,Zomato,25-02-2026
4668,25,2694.75,Amazon,22-02-2026
4669,495,1549.58,Flipkart,31-07-2025
4670,181,4822.73,Amazon,27-11-2025
4671,422,4135.7,Target,08-01-2026
4672,379,2566.46,Flipkart,26-11-2025
4673,261,1885.58,Zomato,19-08-2025
4674,23,4557.78,Amazon,06-05-2026
4675,235,4752.32,Flipkart,25-03-2026
4676,365,1635.54,Zomato,14-08-2025
4677,105,2501.61,Uber,30-09-2025
4678,328,3084.43,Amazon,27-03-2026
4679,473,1938.37,Zomato,26-08-2025
4680,60,4625.35,Amazon,25-03-2026
4681,464,1239.92,Walmart,19-01-2026
4682,91,4936.07,Flipkart,12-06-2025
4683,191,4592.04,Target,10-01-2026
4684,23,821.85,Uber,03-09-2025
4685,127,3127.73,Walmart,09-04-2026
4686,452,4614.78,Zomato,09-10-2025
4687,293,3565.35,Zomato,27-04-2026
4688,159,1064.14,Zomato,15-02-2026
4689,378,4572.99,Target,27-08-2025
4690,354,100.63,Target,18-11-2025
4691,194,1426.53,Flipkart,08-09-2025
4692,419,3907.17,Walmart,19-08-2025
4693,308,101.63,Zomato,22-04-2026
4694,203,256.91,Target,28-03-2026
4695,66,3331.67,Flipkart,07-03-2026
4696,37,3206.11,Amazon,15-06-2025
4697,82,4515.97,Target,29-06-2025
4698,35,957.62,Walmart,23-10-2025
4699,86,4720.34,Walmart,24-05-2025
4700,490,3420.48,Zomato,17-12-2025
4701,204,1459.79,Walmart,09-06-2025
4702,146,4284.77,Walmart,11-03-2026
4703,56,3816.9,Target,18-09-2025
4704,422,4433.72,Flipkart,05-11-2025
4705,487,478.19,Target,06-08-2025
4706,103,679.22,Amazon,18-11-2025
4707,241,2420.16,Amazon,05-01-2026
4708,118,238.25,Target,24-04-2026
4709,95,463.86,Zomato,22-10-2025
4710,413,383.63,Target,26-07-2025
4711,316,1885.96,Zomato,23-08-2025
4712,74,2238.02,Amazon,29-05-2025
4713,340,4671.4,Flipkart,14-09-2025
4714,394,1091.64,Walmart,27-11-2025
4715,23,2865.57,Flipkart,25-07-2025
4716,175,4304.46,Walmart,23-09-2025
4717,472,918.87,Target,19-08-2025
4718,103,4512.74,Amazon,17-01-2026
4719,201,1931.17,Walmart,22-09-2025
4720,259,365.06,Flipkart,03-10-2025
4721,322,1011.98,Zomato,11-10-2025
4722,370,2222.41,Target,28-01-2026
4723,36,4224.94,Uber,22-02-2026
4724,271,1474.64,Flipkart,08-11-2025
4725,74,2758.26,Walmart,29-08-2025
4726,30,601.26,Amazon,29-01-2026
4727,210,2614.33,Amazon,30-03-2026
4728,317,3616.39,Zomato,26-07-2025
4729,478,1642.2,Amazon,27-12-2025
4730,74,4512.52,Zomato,15-03-2026
4731,120,79.21,Amazon,01-08-2025
4732,289,339.17,Target,10-04-2026
4733,394,2856.43,Flipkart,06-09-2025
4734,391,3160.02,Uber,18-12-2025
4735,280,415.92,Zomato,03-09-2025
4736,422,4558.52,Uber,18-11-2025
4737,331,1960.97,Zomato,16-03-2026
4738,316,1964.5,Zomato,10-06-2025
4739,122,3430.26,Uber,06-02-2026
4740,129,1758.47,Zomato,28-12-2025
4741,233,2421.69,Flipkart,20-07-2025
4742,233,2705.45,Walmart,10-02-2026
4743,115,764.82,Zomato,06-10-2025
4744,375,913.05,Target,12-12-2025
4745,132,4415.59,Walmart,06-10-2025
4746,379,153.64,Walmart,20-09-2025
4747,74,260.65,Target,02-12-2025
4748,364,4405.03,Flipkart,08-10-2025
4749,206,668.87,Zomato,12-05-2025
4750,181,1080.1,Target,17-04-2026
4751,216,4423.93,Target,04-12-2025
4752,376,2288.94,Target,30-11-2025
4753,238,1849.62,Walmart,26-02-2026
4754,341,2024.47,Zomato,15-06-2025
4755,272,1069.28,Flipkart,20-06-2025
4756,365,995.28,Flipkart,11-03-2026
4757,486,4374.35,Zomato,23-04-2026
4758,402,3113.44,Target,23-07-2025
4759,281,4319.07,Target,14-05-2025
4760,192,3237.8,Flipkart,02-08-2025
4761,202,749.59,Amazon,19-06-2025
4762,278,3278.58,Walmart,25-03-2026
4763,464,4172.8,Uber,05-05-2026
4764,212,301.88,Flipkart,03-09-2025
4765,173,2780.88,Flipkart,18-08-2025
4766,338,1952.24,Uber,22-02-2026
4767,222,942.56,Target,07-01-2026
4768,13,3485.15,Target,21-07-2025
4769,291,3351.62,Walmart,08-05-2025
4770,382,3419.12,Flipkart,01-04-2026
4771,329,2039.29,Flipkart,15-09-2025
4772,78,2085.88,Target,16-01-2026
4773,126,4346.75,Flipkart,14-05-2025
4774,391,4659.7,Walmart,05-07-2025
4775,313,4668.45,Uber,15-01-2026
4776,272,3689.82,Amazon,24-05-2025
4777,347,530.47,Amazon,25-01-2026
4778,44,156.26,Amazon,20-01-2026
4779,170,4270.37,Walmart,14-04-2026
4780,477,4513.93,Flipkart,22-12-2025
4781,381,795.48,Flipkart,11-02-2026
4782,158,4211.36,Walmart,19-04-2026
4783,320,4550.77,Uber,14-09-2025
4784,464,4149.86,Target,21-05-2025
4785,174,3532.84,Walmart,11-01-2026
4786,156,552.42,Uber,07-10-2025
4787,82,4509.04,Flipkart,13-05-2025
4788,84,2105.17,Uber,07-02-2026
4789,467,3110.53,Flipkart,25-12-2025
4790,288,2783.99,Target,11-02-2026
4791,359,4917.35,Zomato,25-03-2026
4792,435,4523.08,Amazon,11-10-2025
4793,340,4729.74,Target,30-04-2026
4794,50,3790.58,Flipkart,27-04-2026
4795,451,1935.7,Target,31-07-2025
4796,245,893.77,Amazon,19-06-2025
4797,301,3456.2,Walmart,10-02-2026
4798,477,2232.64,Uber,06-12-2025
4799,94,2264.3,Amazon,05-09-2025
4800,497,2484.25,Zomato,30-08-2025
4801,291,1751.95,Walmart,22-09-2025
4802,44,4438.13,Amazon,17-08-2025
4803,91,717.97,Walmart,16-05-2025
4804,347,1998.4,Flipkart,07-11-2025
4805,57,4964.84,Zomato,23-10-2025
4806,101,4809.8,Walmart,09-05-2025
4807,150,3571.47,Amazon,22-09-2025
4808,182,3033.92,Target,25-01-2026
4809,9,3128.22,Uber,07-03-2026
4810,214,4958.92,Walmart,30-09-2025
4811,436,1300.94,Uber,21-09-2025
4812,144,4911.08,Amazon,14-11-2025
4813,251,1626.91,Flipkart,24-03-2026
4814,27,3264.56,Zomato,14-11-2025
4815,157,1352.41,Target,11-02-2026
4816,173,250.26,Zomato,14-10-2025
4817,389,3300.63,Zomato,26-01-2026
4818,42,1697.95,Amazon,08-05-2025
4819,67,4366.6,Uber,13-10-2025
4820,6,3686.47,Amazon,30-10-2025
4821,155,1934.32,Target,08-04-2026
4822,195,1972.57,Zomato,20-02-2026
4823,345,1387.9,Target,17-07-2025
4824,172,1865.63,Uber,05-06-2025
4825,438,4968.58,Target,25-04-2026
4826,209,3551.04,Flipkart,25-11-2025
4827,483,1763.88,Walmart,06-02-2026
4828,283,1004.87,Walmart,14-03-2026
4829,137,462.37,Target,24-02-2026
4830,471,3375.45,Zomato,10-07-2025
4831,468,1627.14,Uber,13-01-2026
4832,459,611.95,Flipkart,01-03-2026
4833,413,3822.21,Flipkart,02-03-2026
4834,39,926.68,Amazon,15-07-2025
4835,79,2880.95,Flipkart,08-05-2025
4836,399,482.57,Amazon,11-05-2025
4837,5,3629.38,Zomato,15-01-2026
4838,414,1738.62,Uber,08-10-2025
4839,37,823.41,Zomato,18-03-2026
4840,495,4363.18,Target,09-05-2025
4841,324,4373.34,Zomato,05-09-2025
4842,55,3082.2,Amazon,12-04-2026
4843,361,736.64,Zomato,25-11-2025
4844,475,451.72,Amazon,31-03-2026
4845,368,4759.39,Amazon,09-06-2025
4846,222,3968.38,Flipkart,07-12-2025
4847,108,297.49,Amazon,24-11-2025
4848,199,1636,Uber,27-05-2025
4849,99,2406.42,Flipkart,11-09-2025
4850,363,4940.25,Uber,24-09-2025
4851,362,971.02,Walmart,19-06-2025
4852,375,3396.99,Amazon,01-09-2025
4853,227,965.39,Amazon,29-03-2026
4854,41,920.46,Flipkart,07-08-2025
4855,135,762.27,Uber,15-12-2025
4856,295,4864.98,Zomato,20-12-2025
4857,64,3529.2,Amazon,17-09-2025
4858,97,975.89,Walmart,18-06-2025
4859,388,4960.3,Flipkart,18-07-2025
4860,203,3194.72,Uber,12-07-2025
4861,152,3027.69,Uber,03-11-2025
4862,328,1462.74,Target,23-01-2026
4863,129,4131.12,Zomato,09-09-2025
4864,124,2676.23,Zomato,11-02-2026
4865,456,4842.29,Walmart,05-01-2026
4866,145,3783.77,Amazon,11-06-2025
4867,32,360.78,Walmart,24-10-2025
4868,463,3677.93,Uber,08-08-2025
4869,387,4097.63,Amazon,01-02-2026
4870,346,3833.95,Zomato,28-12-2025
4871,229,109.39,Zomato,11-07-2025
4872,346,486.75,Uber,04-11-2025
4873,395,4585.85,Walmart,19-07-2025
4874,358,3421.35,Zomato,08-06-2025
4875,492,376.1,Walmart,14-10-2025
4876,373,4206.64,Target,26-03-2026
4877,184,3723.85,Target,25-03-2026
4878,190,2523.49,Target,23-07-2025
4879,161,2752.29,Zomato,08-12-2025
4880,98,1179.15,Flipkart,17-10-2025
4881,22,3469.78,Target,15-01-2026
4882,239,4405.87,Walmart,23-10-2025
4883,473,3991.45,Target,26-04-2026
4884,238,4349.98,Target,25-06-2025
4885,232,805.79,Zomato,28-03-2026
4886,385,1958.54,Amazon,10-12-2025
4887,448,740.19,Walmart,11-12-2025
4888,196,4949.32,Zomato,27-07-2025
4889,77,2027.12,Amazon,21-04-2026
4890,223,3967.31,Zomato,30-04-2026
4891,464,905.26,Uber,16-03-2026
4892,485,960.35,Amazon,05-09-2025
4893,9,1986.89,Flipkart,27-09-2025
4894,139,1719.71,Amazon,31-10-2025
4895,255,1991.55,Walmart,09-09-2025
4896,425,4778.22,Uber,30-12-2025
4897,143,1177.31,Target,31-08-2025
4898,311,3632.46,Target,26-05-2025
4899,223,4739.29,Flipkart,20-10-2025
4900,250,4847.04,Amazon,11-04-2026
4901,181,4809.13,Amazon,23-07-2025
4902,488,1650.25,Target,19-08-2025
4903,312,1482.14,Flipkart,06-02-2026
4904,266,4719.52,Flipkart,02-11-2025
4905,214,2478.01,Walmart,11-01-2026
4906,324,835.08,Zomato,03-05-2026
4907,160,3436.08,Target,20-03-2026
4908,314,653.14,Flipkart,13-01-2026
4909,272,1445.39,Zomato,04-01-2026
4910,192,4045.27,Flipkart,29-03-2026
4911,190,2848.37,Target,09-09-2025
4912,33,137.66,Walmart,21-02-2026
4913,214,1268.24,Walmart,26-07-2025
4914,353,1205.52,Walmart,29-12-2025
4915,325,4582.9,Target,03-07-2025
4916,403,1438.63,Walmart,16-07-2025
4917,296,3979.4,Zomato,01-06-2025
4918,100,4514.19,Walmart,15-01-2026
4919,401,3181.77,Flipkart,04-10-2025
4920,363,2984.53,Flipkart,30-03-2026
4921,417,4107.3,Target,26-03-2026
4922,289,2375.28,Amazon,16-11-2025
4923,161,2579.25,Amazon,30-09-2025
4924,197,3763.45,Uber,10-07-2025
4925,165,452.47,Target,11-01-2026
4926,237,3032.87,Zomato,08-01-2026
4927,137,381.28,Target,08-03-2026
4928,399,1006.25,Walmart,31-12-2025
4929,365,758.26,Amazon,06-10-2025
4930,243,1270.6,Zomato,24-12-2025
4931,2,1669.71,Uber,18-09-2025
4932,248,2831.3,Walmart,07-04-2026
4933,490,1634.18,Walmart,04-01-2026
4934,310,4421.91,Flipkart,13-06-2025
4935,422,4063.11,Flipkart,21-10-2025
4936,491,4622.36,Uber,14-12-2025
4937,62,1513.32,Amazon,21-08-2025
4938,377,4429.62,Uber,23-08-2025
4939,410,2545.44,Flipkart,26-11-2025
4940,405,1911.24,Zomato,24-07-2025
4941,420,4270.87,Walmart,23-11-2025
4942,134,1060.99,Walmart,26-01-2026
4943,13,192.67,Zomato,04-02-2026
4944,391,2136.04,Walmart,06-08-2025
4945,239,3890.19,Flipkart,09-11-2025
4946,229,3148.15,Uber,16-03-2026
4947,81,2989.53,Walmart,26-04-2026
4948,56,4687.67,Target,23-05-2025
4949,142,1029.01,Uber,20-03-2026
4950,233,1459.58,Uber,17-07-2025
4951,66,1647.88,Amazon,17-01-2026
4952,64,309.5,Walmart,16-08-2025
4953,283,2411.65,Flipkart,22-03-2026
4954,162,4167.43,Target,14-09-2025
4955,282,176.05,Target,02-01-2026
4956,331,1653.23,Flipkart,25-03-2026
4957,168,3084.76,Amazon,22-12-2025
4958,330,1450.4,Uber,11-11-2025
4959,388,2864.22,Uber,06-11-2025
4960,29,3627.74,Zomato,04-10-2025
4961,68,2508.55,Amazon,09-11-2025
4962,72,800.27,Uber,22-12-2025
4963,84,4703.61,Flipkart,18-03-2026
4964,48,3785.56,Walmart,01-12-2025
4965,174,451.74,Walmart,16-05-2025
4966,385,394.4,Target,23-11-2025
4967,280,357.64,Target,07-09-2025
4968,329,3959.16,Zomato,20-11-2025
4969,80,2763.08,Amazon,13-07-2025
4970,417,1075.91,Flipkart,17-03-2026
4971,60,3825.68,Walmart,03-01-2026
4972,117,1234.36,Zomato,13-05-2025
4973,350,2810.54,Amazon,10-02-2026
4974,330,4222.32,Flipkart,31-07-2025
4975,246,259.85,Flipkart,26-01-2026
4976,389,1201.69,Flipkart,04-11-2025
4977,489,4358.89,Uber,19-07-2025
4978,164,1648.6,Zomato,18-12-2025
4979,344,2009.25,Uber,08-07-2025
4980,392,1483.72,Amazon,15-11-2025
4981,343,3587.97,Target,05-01-2026
4982,282,386.41,Flipkart,18-10-2025
4983,302,228.23,Flipkart,08-03-2026
4984,299,2482.75,Walmart,05-01-2026
4985,360,449.11,Walmart,25-04-2026
4986,261,4497.97,Flipkart,23-10-2025
4987,204,1103.25,Uber,08-08-2025
4988,4,4580.24,Zomato,22-01-2026
4989,319,1443.01,Uber,13-01-2026
4990,192,2578.85,Flipkart,11-06-2025
4991,428,1047.85,Uber,18-11-2025
4992,132,1705.7,Walmart,06-02-2026
4993,460,1338.69,Amazon,05-01-2026
4994,334,1462.64,Amazon,13-05-2025
4995,229,3036.67,Zomato,12-09-2025
4996,344,2583.44,Target,19-03-2026
4997,105,964.92,Amazon,20-09-2025
4998,199,4032.95,Zomato,26-06-2025
4999,478,4377.46,Flipkart,02-09-2025
5000,389,2872.52,Zomato,26-01-2026
,,,,
,,,,
,,,,
,,,,
,,,,
,,,,
,,,,
,,,,
,,,,
,,,,
